id,gatewayId,"containerTemperature1 - 10",containerTemperatureSensorId1,"containerTemperature2 - 10",containerTemperatureSensorId2,"containerTemperature3 - 10",containerTemperatureSensorId3,"humidityValue - 10","humidityTemperature - 10",humiditySensorId,hvacStateOn,"hvacStateValue - 10",hvacActuatorId,"currentClampValue - 10",currentClampSensorId,"externalTemperature - 10","externalTemperatureId - 10","parcelTemperature - 10",parcelTemperatureSensorId,timestamp
-1,GATEWAY,18.31,80_00_00_00_00_01,17.52,80_00_00_00_00_02,13.100000000000001,80_00_00_00_00_03,1.5500000000000007,-10,80_00_00_00_02_01,1,5,80_00_00_00_05_01,-5.83,80_00_00_00_03_01,25,70,15,80_00_00_00_01_01,"2014-07-10 11:17:44"
-1,GATEWAY,18.31,80_00_00_00_00_01,17.52,80_00_00_00_00_02,13.100000000000001,80_00_00_00_00_03,1.5500000000000007,-10,80_00_00_00_02_01,1,5,80_00_00_00_05_01,-5.83,80_00_00_00_03_01,25,70,15,80_00_00_00_01_01,"2014-07-10 11:17:49"
-1,GATEWAY,18.31,80_00_00_00_00_01,17.53,80_00_00_00_00_02,13.100000000000001,80_00_00_00_00_03,1.5500000000000007,-10,80_00_00_00_02_01,1,5,80_00_00_00_05_01,-5.83,80_00_00_00_03_01,25,70,15,80_00_00_00_01_01,"2014-07-10 11:17:54"
-1,GATEWAY,18.31,80_00_00_00_00_01,17.53,80_00_00_00_00_02,13.100000000000001,80_00_00_00_00_03,1.5500000000000007,-10,80_00_00_00_02_01,1,5,80_00_00_00_05_01,-5.83,80_00_00_00_03_01,25,70,15,80_00_00_00_01_01,"2014-07-10 11:17:59"
-1,GATEWAY,18.31,80_00_00_00_00_01,17.53,80_00_00_00_00_02,13.100000000000001,80_00_00_00_00_03,1.5500000000000007,-10,80_00_00_00_02_01,1,5,80_00_00_00_05_01,-5.83,80_00_00_00_03_01,25,70,15,80_00_00_00_01_01,"2014-07-10 11:18:04"
-1,GATEWAY,18.31,80_00_00_00_00_01,17.53,80_00_00_00_00_02,13.100000000000001,80_00_00_00_00_03,1.5500000000000007,-10,80_00_00_00_02_01,1,5,80_00_00_00_05_01,-5.83,80_00_00_00_03_01,25,70,15,80_00_00_00_01_01,"2014-07-10 11:18:09"
-1,GATEWAY,18.31,80_00_00_00_00_01,17.53,80_00_00_00_00_02,13.11,80_00_00_00_00_03,1.5500000000000007,-10,80_00_00_00_02_01,1,5,80_00_00_00_05_01,-5.83,80_00_00_00_03_01,25,70,15,80_00_00_00_01_01,"2014-07-10 11:18:14"
-1,GATEWAY,18.31,80_00_00_00_00_01,17.53,80_00_00_00_00_02,13.11,80_00_00_00_00_03,1.5500000000000007,-10,80_00_00_00_02_01,1,5,80_00_00_00_05_01,-5.83,80_00_00_00_03_01,25,70,15,80_00_00_00_01_01,"2014-07-10 11:18:19"
-1,GATEWAY,18.31,80_00_00_00_00_01,17.53,80_00_00_00_00_02,13.11,80_00_00_00_00_03,1.5500000000000007,-10,80_00_00_00_02_01,1,5,80_00_00_00_05_01,-5.83,80_00_00_00_03_01,25,70,15,80_00_00_00_01_01,"2014-07-10 11:18:24"
-1,GATEWAY,18.31,80_00_00_00_00_01,17.53,80_00_00_00_00_02,13.11,80_00_00_00_00_03,1.5500000000000007,-10,80_00_00_00_02_01,1,5,80_00_00_00_05_01,-5.83,80_00_00_00_03_01,25,70,15,80_00_00_00_01_01,"2014-07-10 11:18:29"
-1,GATEWAY,18.31,80_00_00_00_00_01,17.54,80_00_00_00_00_02,13.11,80_00_00_00_00_03,1.5600000000000005,-10,80_00_00_00_02_01,1,5,80_00_00_00_05_01,-5.83,80_00_00_00_03_01,25,70,15,80_00_00_00_01_01,"2014-07-10 11:18:34"
-1,GATEWAY,18.31,80_00_00_00_00_01,17.54,80_00_00_00_00_02,13.11,80_00_00_00_00_03,1.5600000000000005,-10,80_00_00_00_02_01,1,5,80_00_00_00_05_01,-5.83,80_00_00_00_03_01,25,70,15,80_00_00_00_01_01,"2014-07-10 11:18:39"
-1,GATEWAY,18.31,80_00_00_00_00_01,17.54,80_00_00_00_00_02,13.11,80_00_00_00_00_03,1.5600000000000005,-10,80_00_00_00_02_01,1,5,80_00_00_00_05_01,-5.83,80_00_00_00_03_01,25,70,15,80_00_00_00_01_01,"2014-07-10 11:18:44"
-1,GATEWAY,18.31,80_00_00_00_00_01,17.54,80_00_00_00_00_02,13.11,80_00_00_00_00_03,1.5600000000000005,-10,80_00_00_00_02_01,1,5,80_00_00_00_05_01,-5.83,80_00_00_00_03_01,25,70,15,80_00_00_00_01_01,"2014-07-10 11:18:49"
-1,GATEWAY,18.3,80_00_00_00_00_01,17.54,80_00_00_00_00_02,13.11,80_00_00_00_00_03,1.5600000000000005,-10,80_00_00_00_02_01,1,5,80_00_00_00_05_01,-5.82,80_00_00_00_03_01,25,70,15,80_00_00_00_01_01,"2014-07-10 11:18:54"
-1,GATEWAY,18.3,80_00_00_00_00_01,17.54,80_00_00_00_00_02,13.11,80_00_00_00_00_03,1.5600000000000005,-10,80_00_00_00_02_01,1,5,80_00_00_00_05_01,-5.82,80_00_00_00_03_01,25,70,15,80_00_00_00_01_01,"2014-07-10 11:18:59"
-1,GATEWAY,18.3,80_00_00_00_00_01,17.54,80_00_00_00_00_02,13.11,80_00_00_00_00_03,1.5600000000000005,-10,80_00_00_00_02_01,1,5,80_00_00_00_05_01,-5.82,80_00_00_00_03_01,25,70,15,80_00_00_00_01_01,"2014-07-10 11:19:04"
-1,GATEWAY,18.3,80_00_00_00_00_01,17.54,80_00_00_00_00_02,13.11,80_00_00_00_00_03,1.5600000000000005,-10,80_00_00_00_02_01,1,5,80_00_00_00_05_01,-5.82,80_00_00_00_03_01,25,70,15,80_00_00_00_01_01,"2014-07-10 11:19:09"
-1,GATEWAY,18.3,80_00_00_00_00_01,17.55,80_00_00_00_00_02,13.11,80_00_00_00_00_03,1.5600000000000005,-10,80_00_00_00_02_01,1,5,80_00_00_00_05_01,-5.82,80_00_00_00_03_01,25,70,15,80_00_00_00_01_01,"2014-07-10 11:19:14"
-1,GATEWAY,18.3,80_00_00_00_00_01,17.55,80_00_00_00_00_02,13.11,80_00_00_00_00_03,1.5600000000000005,-10,80_00_00_00_02_01,1,5,80_00_00_00_05_01,-5.82,80_00_00_00_03_01,25,70,15,80_00_00_00_01_01,"2014-07-10 11:19:20"
-1,GATEWAY,18.3,80_00_00_00_00_01,17.55,80_00_00_00_00_02,13.11,80_00_00_00_00_03,1.5600000000000005,-10,80_00_00_00_02_01,1,5,80_00_00_00_05_01,-5.82,80_00_00_00_03_01,25,70,15,80_00_00_00_01_01,"2014-07-10 11:19:24"
-1,GATEWAY,18.3,80_00_00_00_00_01,17.55,80_00_00_00_00_02,13.11,80_00_00_00_00_03,1.5600000000000005,-10,80_00_00_00_02_01,1,5,80_00_00_00_05_01,-5.82,80_00_00_00_03_01,25,70,15,80_00_00_00_01_01,"2014-07-10 11:19:29"
-1,GATEWAY,18.3,80_00_00_00_00_01,17.55,80_00_00_00_00_02,13.11,80_00_00_00_00_03,1.5600000000000005,-10,80_00_00_00_02_01,1,5,80_00_00_00_05_01,-5.82,80_00_00_00_03_01,25,70,15,80_00_00_00_01_01,"2014-07-10 11:19:34"
-1,GATEWAY,18.3,80_00_00_00_00_01,17.55,80_00_00_00_00_02,13.11,80_00_00_00_00_03,1.5600000000000005,-10,80_00_00_00_02_01,1,5,80_00_00_00_05_01,-5.82,80_00_00_00_03_01,25,70,15,80_00_00_00_01_01,"2014-07-10 11:19:39"
-1,GATEWAY,18.3,80_00_00_00_00_01,17.55,80_00_00_00_00_02,13.11,80_00_00_00_00_03,1.5600000000000005,-10,80_00_00_00_02_01,1,5,80_00_00_00_05_01,-5.82,80_00_00_00_03_01,25,70,15,80_00_00_00_01_01,"2014-07-10 11:19:44"
-1,GATEWAY,18.3,80_00_00_00_00_01,17.55,80_00_00_00_00_02,13.11,80_00_00_00_00_03,1.5600000000000005,-10,80_00_00_00_02_01,1,5,80_00_00_00_05_01,-5.82,80_00_00_00_03_01,25,70,15,80_00_00_00_01_01,"2014-07-10 11:19:49"
-1,GATEWAY,18.3,80_00_00_00_00_01,17.56,80_00_00_00_00_02,13.11,80_00_00_00_00_03,1.5600000000000005,-10,80_00_00_00_02_01,1,5,80_00_00_00_05_01,-5.82,80_00_00_00_03_01,25,70,15,80_00_00_00_01_01,"2014-07-10 11:19:54"
-1,GATEWAY,18.3,80_00_00_00_00_01,17.56,80_00_00_00_00_02,13.11,80_00_00_00_00_03,1.5600000000000005,-10,80_00_00_00_02_01,1,5,80_00_00_00_05_01,-5.82,80_00_00_00_03_01,25,70,15,80_00_00_00_01_01,"2014-07-10 11:19:59"
-1,GATEWAY,18.3,80_00_00_00_00_01,17.56,80_00_00_00_00_02,13.11,80_00_00_00_00_03,1.5600000000000005,-10,80_00_00_00_02_01,1,5,80_00_00_00_05_01,-5.82,80_00_00_00_03_01,25,70,15,80_00_00_00_01_01,"2014-07-10 11:20:04"
-1,GATEWAY,18.3,80_00_00_00_00_01,17.56,80_00_00_00_00_02,13.11,80_00_00_00_00_03,1.5600000000000005,-10,80_00_00_00_02_01,1,5,80_00_00_00_05_01,-5.82,80_00_00_00_03_01,25,70,15,80_00_00_00_01_01,"2014-07-10 11:20:09"
-1,GATEWAY,18.3,80_00_00_00_00_01,17.56,80_00_00_00_00_02,13.11,80_00_00_00_00_03,1.5600000000000005,-10,80_00_00_00_02_01,1,5,80_00_00_00_05_01,-5.82,80_00_00_00_03_01,25,70,15,80_00_00_00_01_01,"2014-07-10 11:20:14"
-1,GATEWAY,18.3,80_00_00_00_00_01,17.56,80_00_00_00_00_02,13.11,80_00_00_00_00_03,1.5600000000000005,-10,80_00_00_00_02_01,1,5,80_00_00_00_05_01,-5.82,80_00_00_00_03_01,25,70,15,80_00_00_00_01_01,"2014-07-10 11:20:19"
-1,GATEWAY,18.3,80_00_00_00_00_01,17.56,80_00_00_00_00_02,13.11,80_00_00_00_00_03,1.5600000000000005,-10,80_00_00_00_02_01,1,5,80_00_00_00_05_01,-5.82,80_00_00_00_03_01,25,70,15,80_00_00_00_01_01,"2014-07-10 11:20:24"
-1,GATEWAY,18.3,80_00_00_00_00_01,17.56,80_00_00_00_00_02,13.11,80_00_00_00_00_03,1.5600000000000005,-10,80_00_00_00_02_01,1,5,80_00_00_00_05_01,-5.82,80_00_00_00_03_01,25,70,15,80_00_00_00_01_01,"2014-07-10 11:20:29"
-1,GATEWAY,18.29,80_00_00_00_00_01,17.57,80_00_00_00_00_02,13.11,80_00_00_00_00_03,1.5600000000000005,-10,80_00_00_00_02_01,1,5,80_00_00_00_05_01,-5.82,80_00_00_00_03_01,25,70,15,80_00_00_00_01_01,"2014-07-10 11:20:34"
-1,GATEWAY,18.29,80_00_00_00_00_01,17.57,80_00_00_00_00_02,13.11,80_00_00_00_00_03,1.5600000000000005,-10,80_00_00_00_02_01,1,5,80_00_00_00_05_01,-5.82,80_00_00_00_03_01,25,70,15,80_00_00_00_01_01,"2014-07-10 11:20:39"
-1,GATEWAY,18.29,80_00_00_00_00_01,17.57,80_00_00_00_00_02,13.11,80_00_00_00_00_03,1.5600000000000005,-10,80_00_00_00_02_01,1,5,80_00_00_00_05_01,-5.82,80_00_00_00_03_01,25,70,15,80_00_00_00_01_01,"2014-07-10 11:20:44"
-1,GATEWAY,18.29,80_00_00_00_00_01,17.57,80_00_00_00_00_02,13.11,80_00_00_00_00_03,1.5600000000000005,-10,80_00_00_00_02_01,1,5,80_00_00_00_05_01,-5.82,80_00_00_00_03_01,25,70,15,80_00_00_00_01_01,"2014-07-10 11:20:49"
-1,GATEWAY,18.29,80_00_00_00_00_01,17.57,80_00_00_00_00_02,13.120000000000001,80_00_00_00_00_03,1.5600000000000005,-10,80_00_00_00_02_01,1,5,80_00_00_00_05_01,-5.82,80_00_00_00_03_01,25,70,15,80_00_00_00_01_01,"2014-07-10 11:20:54"
-1,GATEWAY,18.29,80_00_00_00_00_01,17.57,80_00_00_00_00_02,13.120000000000001,80_00_00_00_00_03,1.5600000000000005,-10,80_00_00_00_02_01,1,5,80_00_00_00_05_01,-5.82,80_00_00_00_03_01,25,70,15,80_00_00_00_01_01,"2014-07-10 11:20:59"
-1,GATEWAY,18.29,80_00_00_00_00_01,17.57,80_00_00_00_00_02,13.120000000000001,80_00_00_00_00_03,1.5600000000000005,-10,80_00_00_00_02_01,1,5,80_00_00_00_05_01,-5.82,80_00_00_00_03_01,25,70,15,80_00_00_00_01_01,"2014-07-10 11:21:04"
-1,GATEWAY,18.29,80_00_00_00_00_01,17.57,80_00_00_00_00_02,13.120000000000001,80_00_00_00_00_03,1.5600000000000005,-10,80_00_00_00_02_01,1,5,80_00_00_00_05_01,-5.82,80_00_00_00_03_01,25,70,15,80_00_00_00_01_01,"2014-07-10 11:21:09"
-1,GATEWAY,18.29,80_00_00_00_00_01,17.58,80_00_00_00_00_02,13.120000000000001,80_00_00_00_00_03,1.5600000000000005,-10,80_00_00_00_02_01,1,5,80_00_00_00_05_01,-5.82,80_00_00_00_03_01,25,70,15,80_00_00_00_01_01,"2014-07-10 11:21:14"
-1,GATEWAY,18.29,80_00_00_00_00_01,17.58,80_00_00_00_00_02,13.120000000000001,80_00_00_00_00_03,1.5600000000000005,-10,80_00_00_00_02_01,1,5,80_00_00_00_05_01,-5.82,80_00_00_00_03_01,25,70,15,80_00_00_00_01_01,"2014-07-10 11:21:19"
-1,GATEWAY,18.29,80_00_00_00_00_01,17.58,80_00_00_00_00_02,13.120000000000001,80_00_00_00_00_03,1.5600000000000005,-10,80_00_00_00_02_01,1,5,80_00_00_00_05_01,-5.82,80_00_00_00_03_01,25,70,15,80_00_00_00_01_01,"2014-07-10 11:21:24"
-1,GATEWAY,18.29,80_00_00_00_00_01,17.58,80_00_00_00_00_02,13.120000000000001,80_00_00_00_00_03,1.5600000000000005,-10,80_00_00_00_02_01,1,5,80_00_00_00_05_01,-5.82,80_00_00_00_03_01,25,70,15,80_00_00_00_01_01,"2014-07-10 11:21:29"
-1,GATEWAY,18.29,80_00_00_00_00_01,17.58,80_00_00_00_00_02,13.120000000000001,80_00_00_00_00_03,1.5600000000000005,-10,80_00_00_00_02_01,1,5,80_00_00_00_05_01,-5.82,80_00_00_00_03_01,25,70,15,80_00_00_00_01_01,"2014-07-10 11:21:34"
-1,GATEWAY,18.29,80_00_00_00_00_01,17.58,80_00_00_00_00_02,13.120000000000001,80_00_00_00_00_03,1.5600000000000005,-10,80_00_00_00_02_01,1,5,80_00_00_00_05_01,-5.82,80_00_00_00_03_01,25,70,15,80_00_00_00_01_01,"2014-07-10 11:21:39"
-1,GATEWAY,18.29,80_00_00_00_00_01,17.58,80_00_00_00_00_02,13.120000000000001,80_00_00_00_00_03,1.5600000000000005,-10,80_00_00_00_02_01,1,5,80_00_00_00_05_01,-5.82,80_00_00_00_03_01,25,70,15,80_00_00_00_01_01,"2014-07-10 11:21:44"
-1,GATEWAY,18.29,80_00_00_00_00_01,17.58,80_00_00_00_00_02,13.120000000000001,80_00_00_00_00_03,1.5600000000000005,-10,80_00_00_00_02_01,1,5,80_00_00_00_05_01,-5.82,80_00_00_00_03_01,25,70,15,80_00_00_00_01_01,"2014-07-10 11:21:49"
-1,GATEWAY,18.29,80_00_00_00_00_01,17.59,80_00_00_00_00_02,13.120000000000001,80_00_00_00_00_03,1.5600000000000005,-10,80_00_00_00_02_01,1,5,80_00_00_00_05_01,-5.82,80_00_00_00_03_01,25,70,15,80_00_00_00_01_01,"2014-07-10 11:21:54"
-1,GATEWAY,18.29,80_00_00_00_00_01,17.59,80_00_00_00_00_02,13.120000000000001,80_00_00_00_00_03,1.5600000000000005,-10,80_00_00_00_02_01,1,5,80_00_00_00_05_01,-5.82,80_00_00_00_03_01,25,70,15,80_00_00_00_01_01,"2014-07-10 11:21:59"
-1,GATEWAY,18.29,80_00_00_00_00_01,17.59,80_00_00_00_00_02,13.120000000000001,80_00_00_00_00_03,1.5600000000000005,-10,80_00_00_00_02_01,1,5,80_00_00_00_05_01,-5.82,80_00_00_00_03_01,25,70,15,80_00_00_00_01_01,"2014-07-10 11:22:04"
-1,GATEWAY,18.29,80_00_00_00_00_01,17.59,80_00_00_00_00_02,13.120000000000001,80_00_00_00_00_03,1.5600000000000005,-10,80_00_00_00_02_01,1,5,80_00_00_00_05_01,-5.82,80_00_00_00_03_01,25,70,15,80_00_00_00_01_01,"2014-07-10 11:22:09"
-1,GATEWAY,18.29,80_00_00_00_00_01,17.59,80_00_00_00_00_02,13.120000000000001,80_00_00_00_00_03,1.5600000000000005,-10,80_00_00_00_02_01,1,5,80_00_00_00_05_01,-5.82,80_00_00_00_03_01,25,70,15,80_00_00_00_01_01,"2014-07-10 11:22:14"
-1,GATEWAY,18.29,80_00_00_00_00_01,17.59,80_00_00_00_00_02,13.120000000000001,80_00_00_00_00_03,1.5600000000000005,-10,80_00_00_00_02_01,1,5,80_00_00_00_05_01,-5.82,80_00_00_00_03_01,25,70,15,80_00_00_00_01_01,"2014-07-10 11:22:19"
-1,GATEWAY,18.29,80_00_00_00_00_01,17.59,80_00_00_00_00_02,13.120000000000001,80_00_00_00_00_03,1.5600000000000005,-10,80_00_00_00_02_01,1,5,80_00_00_00_05_01,-5.82,80_00_00_00_03_01,25,70,15,80_00_00_00_01_01,"2014-07-10 11:22:24"
-1,GATEWAY,18.29,80_00_00_00_00_01,17.59,80_00_00_00_00_02,13.120000000000001,80_00_00_00_00_03,1.5600000000000005,-10,80_00_00_00_02_01,1,5,80_00_00_00_05_01,-5.82,80_00_00_00_03_01,25,70,15,80_00_00_00_01_01,"2014-07-10 11:22:29"
-1,GATEWAY,18.29,80_00_00_00_00_01,17.6,80_00_00_00_00_02,13.120000000000001,80_00_00_00_00_03,1.5600000000000005,-10,80_00_00_00_02_01,1,5,80_00_00_00_05_01,-5.81,80_00_00_00_03_01,25,70,15,80_00_00_00_01_01,"2014-07-10 11:22:34"
-1,GATEWAY,18.29,80_00_00_00_00_01,17.6,80_00_00_00_00_02,13.120000000000001,80_00_00_00_00_03,1.5600000000000005,-10,80_00_00_00_02_01,1,5,80_00_00_00_05_01,-5.81,80_00_00_00_03_01,25,70,15,80_00_00_00_01_01,"2014-07-10 11:22:39"
-1,GATEWAY,18.29,80_00_00_00_00_01,17.6,80_00_00_00_00_02,13.120000000000001,80_00_00_00_00_03,1.5600000000000005,-10,80_00_00_00_02_01,1,5,80_00_00_00_05_01,-5.81,80_00_00_00_03_01,25,70,15,80_00_00_00_01_01,"2014-07-10 11:22:44"
-1,GATEWAY,18.29,80_00_00_00_00_01,17.6,80_00_00_00_00_02,13.120000000000001,80_00_00_00_00_03,1.5600000000000005,-10,80_00_00_00_02_01,1,5,80_00_00_00_05_01,-5.81,80_00_00_00_03_01,25,70,15,80_00_00_00_01_01,"2014-07-10 11:22:49"
-1,GATEWAY,18.29,80_00_00_00_00_01,17.6,80_00_00_00_00_02,13.120000000000001,80_00_00_00_00_03,1.5600000000000005,-10,80_00_00_00_02_01,1,5,80_00_00_00_05_01,-5.81,80_00_00_00_03_01,25,70,15,80_00_00_00_01_01,"2014-07-10 11:22:54"
-1,GATEWAY,18.29,80_00_00_00_00_01,17.6,80_00_00_00_00_02,13.120000000000001,80_00_00_00_00_03,1.5600000000000005,-10,80_00_00_00_02_01,1,5,80_00_00_00_05_01,-5.81,80_00_00_00_03_01,25,70,15,80_00_00_00_01_01,"2014-07-10 11:22:59"
-1,GATEWAY,18.29,80_00_00_00_00_01,17.6,80_00_00_00_00_02,13.120000000000001,80_00_00_00_00_03,1.5600000000000005,-10,80_00_00_00_02_01,1,5,80_00_00_00_05_01,-5.81,80_00_00_00_03_01,25,70,15,80_00_00_00_01_01,"2014-07-10 11:23:04"
-1,GATEWAY,18.29,80_00_00_00_00_01,17.6,80_00_00_00_00_02,13.120000000000001,80_00_00_00_00_03,1.5600000000000005,-10,80_00_00_00_02_01,1,5,80_00_00_00_05_01,-5.81,80_00_00_00_03_01,25,70,15,80_00_00_00_01_01,"2014-07-10 11:23:09"
-1,GATEWAY,18.28,80_00_00_00_00_01,17.61,80_00_00_00_00_02,13.120000000000001,80_00_00_00_00_03,1.5600000000000005,-10,80_00_00_00_02_01,1,5,80_00_00_00_05_01,-5.81,80_00_00_00_03_01,25,70,15,80_00_00_00_01_01,"2014-07-10 11:23:14"
-1,GATEWAY,18.28,80_00_00_00_00_01,17.61,80_00_00_00_00_02,13.120000000000001,80_00_00_00_00_03,1.5600000000000005,-10,80_00_00_00_02_01,1,5,80_00_00_00_05_01,-5.81,80_00_00_00_03_01,25,70,15,80_00_00_00_01_01,"2014-07-10 11:23:19"
-1,GATEWAY,18.28,80_00_00_00_00_01,17.61,80_00_00_00_00_02,13.120000000000001,80_00_00_00_00_03,1.5600000000000005,-10,80_00_00_00_02_01,1,5,80_00_00_00_05_01,-5.81,80_00_00_00_03_01,25,70,15,80_00_00_00_01_01,"2014-07-10 11:23:24"
-1,GATEWAY,18.28,80_00_00_00_00_01,17.61,80_00_00_00_00_02,13.120000000000001,80_00_00_00_00_03,1.5600000000000005,-10,80_00_00_00_02_01,1,5,80_00_00_00_05_01,-5.81,80_00_00_00_03_01,25,70,15,80_00_00_00_01_01,"2014-07-10 11:23:29"
-1,GATEWAY,18.28,80_00_00_00_00_01,17.61,80_00_00_00_00_02,13.129999999999999,80_00_00_00_00_03,1.5600000000000005,-10,80_00_00_00_02_01,1,5,80_00_00_00_05_01,-5.81,80_00_00_00_03_01,25,70,15,80_00_00_00_01_01,"2014-07-10 11:23:34"
-1,GATEWAY,18.28,80_00_00_00_00_01,17.61,80_00_00_00_00_02,13.129999999999999,80_00_00_00_00_03,1.5600000000000005,-10,80_00_00_00_02_01,1,5,80_00_00_00_05_01,-5.81,80_00_00_00_03_01,25,70,15,80_00_00_00_01_01,"2014-07-10 11:23:39"
-1,GATEWAY,18.28,80_00_00_00_00_01,17.61,80_00_00_00_00_02,13.129999999999999,80_00_00_00_00_03,1.5600000000000005,-10,80_00_00_00_02_01,1,5,80_00_00_00_05_01,-5.81,80_00_00_00_03_01,25,70,15,80_00_00_00_01_01,"2014-07-10 11:23:44"
-1,GATEWAY,18.28,80_00_00_00_00_01,17.61,80_00_00_00_00_02,13.129999999999999,80_00_00_00_00_03,1.5600000000000005,-10,80_00_00_00_02_01,1,5,80_00_00_00_05_01,-5.81,80_00_00_00_03_01,25,70,15,80_00_00_00_01_01,"2014-07-10 11:23:49"
-1,GATEWAY,18.28,80_00_00_00_00_01,17.62,80_00_00_00_00_02,13.129999999999999,80_00_00_00_00_03,1.5600000000000005,-10,80_00_00_00_02_01,1,5,80_00_00_00_05_01,-5.81,80_00_00_00_03_01,25,70,15,80_00_00_00_01_01,"2014-07-10 11:23:54"
-1,GATEWAY,18.28,80_00_00_00_00_01,17.62,80_00_00_00_00_02,13.129999999999999,80_00_00_00_00_03,1.5600000000000005,-10,80_00_00_00_02_01,1,5,80_00_00_00_05_01,-5.81,80_00_00_00_03_01,25,70,15,80_00_00_00_01_01,"2014-07-10 11:23:59"
-1,GATEWAY,18.28,80_00_00_00_00_01,17.62,80_00_00_00_00_02,13.129999999999999,80_00_00_00_00_03,1.5600000000000005,-10,80_00_00_00_02_01,1,5,80_00_00_00_05_01,-5.81,80_00_00_00_03_01,25,70,15,80_00_00_00_01_01,"2014-07-10 11:24:04"
-1,GATEWAY,18.28,80_00_00_00_00_01,17.62,80_00_00_00_00_02,13.129999999999999,80_00_00_00_00_03,1.5600000000000005,-10,80_00_00_00_02_01,1,5,80_00_00_00_05_01,-5.81,80_00_00_00_03_01,25,70,15,80_00_00_00_01_01,"2014-07-10 11:24:09"
-1,GATEWAY,18.28,80_00_00_00_00_01,17.62,80_00_00_00_00_02,13.129999999999999,80_00_00_00_00_03,1.5600000000000005,-10,80_00_00_00_02_01,1,5,80_00_00_00_05_01,-5.81,80_00_00_00_03_01,25,70,15,80_00_00_00_01_01,"2014-07-10 11:24:14"
-1,GATEWAY,18.28,80_00_00_00_00_01,17.62,80_00_00_00_00_02,13.129999999999999,80_00_00_00_00_03,1.5600000000000005,-10,80_00_00_00_02_01,1,5,80_00_00_00_05_01,-5.81,80_00_00_00_03_01,25,70,15,80_00_00_00_01_01,"2014-07-10 11:24:19"
-1,GATEWAY,18.28,80_00_00_00_00_01,17.62,80_00_00_00_00_02,13.129999999999999,80_00_00_00_00_03,1.5600000000000005,-10,80_00_00_00_02_01,1,5,80_00_00_00_05_01,-5.81,80_00_00_00_03_01,25,70,15,80_00_00_00_01_01,"2014-07-10 11:24:24"
-1,GATEWAY,18.28,80_00_00_00_00_01,17.62,80_00_00_00_00_02,13.129999999999999,80_00_00_00_00_03,1.5600000000000005,-10,80_00_00_00_02_01,1,5,80_00_00_00_05_01,-5.81,80_00_00_00_03_01,25,70,15,80_00_00_00_01_01,"2014-07-10 11:24:29"
-1,GATEWAY,18.28,80_00_00_00_00_01,17.63,80_00_00_00_00_02,13.129999999999999,80_00_00_00_00_03,1.5600000000000005,-10,80_00_00_00_02_01,1,5,80_00_00_00_05_01,-5.81,80_00_00_00_03_01,25,70,15,80_00_00_00_01_01,"2014-07-10 11:24:34"
-1,GATEWAY,18.28,80_00_00_00_00_01,17.63,80_00_00_00_00_02,13.129999999999999,80_00_00_00_00_03,1.5600000000000005,-10,80_00_00_00_02_01,1,5,80_00_00_00_05_01,-5.81,80_00_00_00_03_01,25,70,15,80_00_00_00_01_01,"2014-07-10 11:24:39"
-1,GATEWAY,18.28,80_00_00_00_00_01,17.63,80_00_00_00_00_02,13.129999999999999,80_00_00_00_00_03,1.5600000000000005,-10,80_00_00_00_02_01,1,5,80_00_00_00_05_01,-5.81,80_00_00_00_03_01,25,70,15,80_00_00_00_01_01,"2014-07-10 11:24:44"
-1,GATEWAY,18.28,80_00_00_00_00_01,17.63,80_00_00_00_00_02,13.129999999999999,80_00_00_00_00_03,1.5600000000000005,-10,80_00_00_00_02_01,1,5,80_00_00_00_05_01,-5.81,80_00_00_00_03_01,25,70,15,80_00_00_00_01_01,"2014-07-10 11:24:49"
-1,GATEWAY,18.28,80_00_00_00_00_01,17.63,80_00_00_00_00_02,13.129999999999999,80_00_00_00_00_03,1.5600000000000005,-10,80_00_00_00_02_01,1,5,80_00_00_00_05_01,-5.81,80_00_00_00_03_01,25,70,15,80_00_00_00_01_01,"2014-07-10 11:24:54"
-1,GATEWAY,18.28,80_00_00_00_00_01,17.63,80_00_00_00_00_02,13.129999999999999,80_00_00_00_00_03,1.5600000000000005,-10,80_00_00_00_02_01,1,5,80_00_00_00_05_01,-5.81,80_00_00_00_03_01,25,70,15,80_00_00_00_01_01,"2014-07-10 11:24:59"
-1,GATEWAY,18.28,80_00_00_00_00_01,17.63,80_00_00_00_00_02,13.129999999999999,80_00_00_00_00_03,1.5600000000000005,-10,80_00_00_00_02_01,1,5,80_00_00_00_05_01,-5.81,80_00_00_00_03_01,25,70,15,80_00_00_00_01_01,"2014-07-10 11:25:04"
-1,GATEWAY,18.28,80_00_00_00_00_01,17.63,80_00_00_00_00_02,13.129999999999999,80_00_00_00_00_03,1.5600000000000005,-10,80_00_00_00_02_01,1,5,80_00_00_00_05_01,-5.81,80_00_00_00_03_01,25,70,15,80_00_00_00_01_01,"2014-07-10 11:25:09"
-1,GATEWAY,18.28,80_00_00_00_00_01,17.64,80_00_00_00_00_02,13.129999999999999,80_00_00_00_00_03,1.5600000000000005,-10,80_00_00_00_02_01,1,5,80_00_00_00_05_01,-5.81,80_00_00_00_03_01,25,70,15,80_00_00_00_01_01,"2014-07-10 11:25:14"
-1,GATEWAY,18.28,80_00_00_00_00_01,17.64,80_00_00_00_00_02,13.129999999999999,80_00_00_00_00_03,1.5600000000000005,-10,80_00_00_00_02_01,1,5,80_00_00_00_05_01,-5.81,80_00_00_00_03_01,25,70,15,80_00_00_00_01_01,"2014-07-10 11:25:19"
-1,GATEWAY,18.28,80_00_00_00_00_01,17.64,80_00_00_00_00_02,13.129999999999999,80_00_00_00_00_03,1.5600000000000005,-10,80_00_00_00_02_01,1,5,80_00_00_00_05_01,-5.81,80_00_00_00_03_01,25,70,15,80_00_00_00_01_01,"2014-07-10 11:25:24"
-1,GATEWAY,18.28,80_00_00_00_00_01,17.64,80_00_00_00_00_02,13.129999999999999,80_00_00_00_00_03,1.5600000000000005,-10,80_00_00_00_02_01,1,5,80_00_00_00_05_01,-5.81,80_00_00_00_03_01,25,70,15,80_00_00_00_01_01,"2014-07-10 11:25:29"
-1,GATEWAY,18.28,80_00_00_00_00_01,17.64,80_00_00_00_00_02,13.129999999999999,80_00_00_00_00_03,1.5600000000000005,-10,80_00_00_00_02_01,1,5,80_00_00_00_05_01,-5.81,80_00_00_00_03_01,25,70,15,80_00_00_00_01_01,"2014-07-10 11:25:34"
-1,GATEWAY,18.28,80_00_00_00_00_01,17.64,80_00_00_00_00_02,13.129999999999999,80_00_00_00_00_03,1.5600000000000005,-10,80_00_00_00_02_01,1,5,80_00_00_00_05_01,-5.81,80_00_00_00_03_01,25,70,15,80_00_00_00_01_01,"2014-07-10 11:25:39"
-1,GATEWAY,18.28,80_00_00_00_00_01,17.64,80_00_00_00_00_02,13.129999999999999,80_00_00_00_00_03,1.5600000000000005,-10,80_00_00_00_02_01,1,5,80_00_00_00_05_01,-5.81,80_00_00_00_03_01,25,70,15,80_00_00_00_01_01,"2014-07-10 11:25:44"
-1,GATEWAY,18.28,80_00_00_00_00_01,17.64,80_00_00_00_00_02,13.129999999999999,80_00_00_00_00_03,1.5600000000000005,-10,80_00_00_00_02_01,1,5,80_00_00_00_05_01,-5.81,80_00_00_00_03_01,25,70,15,80_00_00_00_01_01,"2014-07-10 11:25:49"
-1,GATEWAY,18.28,80_00_00_00_00_01,17.65,80_00_00_00_00_02,13.14,80_00_00_00_00_03,1.5600000000000005,-10,80_00_00_00_02_01,1,5,80_00_00_00_05_01,-5.81,80_00_00_00_03_01,25,70,15,80_00_00_00_01_01,"2014-07-10 11:25:54"
-1,GATEWAY,18.28,80_00_00_00_00_01,17.65,80_00_00_00_00_02,13.14,80_00_00_00_00_03,1.5600000000000005,-10,80_00_00_00_02_01,1,5,80_00_00_00_05_01,-5.81,80_00_00_00_03_01,25,70,15,80_00_00_00_01_01,"2014-07-10 11:25:59"
-1,GATEWAY,18.28,80_00_00_00_00_01,17.65,80_00_00_00_00_02,13.14,80_00_00_00_00_03,1.5600000000000005,-10,80_00_00_00_02_01,1,5,80_00_00_00_05_01,-5.81,80_00_00_00_03_01,25,70,15,80_00_00_00_01_01,"2014-07-10 11:26:04"
-1,GATEWAY,18.28,80_00_00_00_00_01,17.65,80_00_00_00_00_02,13.14,80_00_00_00_00_03,1.5600000000000005,-10,80_00_00_00_02_01,1,5,80_00_00_00_05_01,-5.81,80_00_00_00_03_01,25,70,15,80_00_00_00_01_01,"2014-07-10 11:26:09"
-1,GATEWAY,18.28,80_00_00_00_00_01,17.65,80_00_00_00_00_02,13.14,80_00_00_00_00_03,1.5600000000000005,-10,80_00_00_00_02_01,1,5,80_00_00_00_05_01,-5.81,80_00_00_00_03_01,25,70,15,80_00_00_00_01_01,"2014-07-10 11:26:14"
-1,GATEWAY,18.28,80_00_00_00_00_01,17.65,80_00_00_00_00_02,13.14,80_00_00_00_00_03,1.5600000000000005,-10,80_00_00_00_02_01,1,5,80_00_00_00_05_01,-5.81,80_00_00_00_03_01,25,70,15,80_00_00_00_01_01,"2014-07-10 11:26:19"
-1,GATEWAY,18.28,80_00_00_00_00_01,17.65,80_00_00_00_00_02,13.14,80_00_00_00_00_03,1.5600000000000005,-10,80_00_00_00_02_01,1,5,80_00_00_00_05_01,-5.81,80_00_00_00_03_01,25,70,15,80_00_00_00_01_01,"2014-07-10 11:26:24"
-1,GATEWAY,18.28,80_00_00_00_00_01,17.65,80_00_00_00_00_02,13.14,80_00_00_00_00_03,1.5600000000000005,-10,80_00_00_00_02_01,1,5,80_00_00_00_05_01,-5.81,80_00_00_00_03_01,25,70,15,80_00_00_00_01_01,"2014-07-10 11:26:29"
-1,GATEWAY,18.28,80_00_00_00_00_01,17.65,80_00_00_00_00_02,13.14,80_00_00_00_00_03,1.5600000000000005,-10,80_00_00_00_02_01,1,5,80_00_00_00_05_01,-5.81,80_00_00_00_03_01,25,70,15,80_00_00_00_01_01,"2014-07-10 11:26:34"
-1,GATEWAY,18.28,80_00_00_00_00_01,17.65,80_00_00_00_00_02,13.14,80_00_00_00_00_03,1.5600000000000005,-10,80_00_00_00_02_01,1,5,80_00_00_00_05_01,-5.81,80_00_00_00_03_01,25,70,15,80_00_00_00_01_01,"2014-07-10 11:26:39"
-1,GATEWAY,18.28,80_00_00_00_00_01,17.65,80_00_00_00_00_02,13.14,80_00_00_00_00_03,1.5600000000000005,-10,80_00_00_00_02_01,1,5,80_00_00_00_05_01,-5.81,80_00_00_00_03_01,25,70,15,80_00_00_00_01_01,"2014-07-10 11:26:44"
-1,GATEWAY,18.28,80_00_00_00_00_01,17.65,80_00_00_00_00_02,13.14,80_00_00_00_00_03,1.5600000000000005,-10,80_00_00_00_02_01,1,5,80_00_00_00_05_01,-5.81,80_00_00_00_03_01,25,70,15,80_00_00_00_01_01,"2014-07-10 11:26:49"
-1,GATEWAY,18.28,80_00_00_00_00_01,17.66,80_00_00_00_00_02,13.14,80_00_00_00_00_03,1.5600000000000005,-10,80_00_00_00_02_01,1,5,80_00_00_00_05_01,-5.81,80_00_00_00_03_01,25,70,15,80_00_00_00_01_01,"2014-07-10 11:26:54"
-1,GATEWAY,18.28,80_00_00_00_00_01,17.66,80_00_00_00_00_02,13.14,80_00_00_00_00_03,1.5600000000000005,-10,80_00_00_00_02_01,1,5,80_00_00_00_05_01,-5.81,80_00_00_00_03_01,25,70,15,80_00_00_00_01_01,"2014-07-10 11:26:59"
-1,GATEWAY,18.28,80_00_00_00_00_01,17.66,80_00_00_00_00_02,13.14,80_00_00_00_00_03,1.5600000000000005,-10,80_00_00_00_02_01,1,5,80_00_00_00_05_01,-5.81,80_00_00_00_03_01,25,70,15,80_00_00_00_01_01,"2014-07-10 11:27:04"
-1,GATEWAY,18.28,80_00_00_00_00_01,17.66,80_00_00_00_00_02,13.14,80_00_00_00_00_03,1.5600000000000005,-10,80_00_00_00_02_01,1,5,80_00_00_00_05_01,-5.81,80_00_00_00_03_01,25,70,15,80_00_00_00_01_01,"2014-07-10 11:27:09"
-1,GATEWAY,18.28,80_00_00_00_00_01,17.66,80_00_00_00_00_02,13.14,80_00_00_00_00_03,1.5600000000000005,-10,80_00_00_00_02_01,1,5,80_00_00_00_05_01,-5.81,80_00_00_00_03_01,25,70,15,80_00_00_00_01_01,"2014-07-10 11:27:14"
-1,GATEWAY,18.28,80_00_00_00_00_01,17.66,80_00_00_00_00_02,13.14,80_00_00_00_00_03,1.5600000000000005,-10,80_00_00_00_02_01,1,5,80_00_00_00_05_01,-5.81,80_00_00_00_03_01,25,70,15,80_00_00_00_01_01,"2014-07-10 11:27:19"
-1,GATEWAY,18.28,80_00_00_00_00_01,17.66,80_00_00_00_00_02,13.14,80_00_00_00_00_03,1.5600000000000005,-10,80_00_00_00_02_01,1,5,80_00_00_00_05_01,-5.81,80_00_00_00_03_01,25,70,15,80_00_00_00_01_01,"2014-07-10 11:27:24"
-1,GATEWAY,18.28,80_00_00_00_00_01,17.66,80_00_00_00_00_02,13.14,80_00_00_00_00_03,1.5600000000000005,-10,80_00_00_00_02_01,1,5,80_00_00_00_05_01,-5.81,80_00_00_00_03_01,25,70,15,80_00_00_00_01_01,"2014-07-10 11:27:29"
-1,GATEWAY,18.28,80_00_00_00_00_01,17.67,80_00_00_00_00_02,13.14,80_00_00_00_00_03,1.5600000000000005,-10,80_00_00_00_02_01,1,5,80_00_00_00_05_01,-5.81,80_00_00_00_03_01,25,70,15,80_00_00_00_01_01,"2014-07-10 11:27:34"
-1,GATEWAY,18.28,80_00_00_00_00_01,17.67,80_00_00_00_00_02,13.14,80_00_00_00_00_03,1.5600000000000005,-10,80_00_00_00_02_01,1,5,80_00_00_00_05_01,-5.81,80_00_00_00_03_01,25,70,15,80_00_00_00_01_01,"2014-07-10 11:27:39"
-1,GATEWAY,18.28,80_00_00_00_00_01,17.67,80_00_00_00_00_02,13.14,80_00_00_00_00_03,1.5600000000000005,-10,80_00_00_00_02_01,1,5,80_00_00_00_05_01,-5.81,80_00_00_00_03_01,25,70,15,80_00_00_00_01_01,"2014-07-10 11:27:44"
-1,GATEWAY,18.28,80_00_00_00_00_01,17.67,80_00_00_00_00_02,13.14,80_00_00_00_00_03,1.5600000000000005,-10,80_00_00_00_02_01,1,5,80_00_00_00_05_01,-5.81,80_00_00_00_03_01,25,70,15,80_00_00_00_01_01,"2014-07-10 11:27:49"
-1,GATEWAY,18.28,80_00_00_00_00_01,17.67,80_00_00_00_00_02,13.149999999999999,80_00_00_00_00_03,1.5600000000000005,-10,80_00_00_00_02_01,1,5,80_00_00_00_05_01,-5.8,80_00_00_00_03_01,25,70,15,80_00_00_00_01_01,"2014-07-10 11:27:54"
-1,GATEWAY,18.28,80_00_00_00_00_01,17.67,80_00_00_00_00_02,13.149999999999999,80_00_00_00_00_03,1.5600000000000005,-10,80_00_00_00_02_01,1,5,80_00_00_00_05_01,-5.8,80_00_00_00_03_01,25,70,15,80_00_00_00_01_01,"2014-07-10 11:27:59"
-1,GATEWAY,18.28,80_00_00_00_00_01,17.67,80_00_00_00_00_02,13.149999999999999,80_00_00_00_00_03,1.5600000000000005,-10,80_00_00_00_02_01,1,5,80_00_00_00_05_01,-5.8,80_00_00_00_03_01,25,70,15,80_00_00_00_01_01,"2014-07-10 11:28:04"
-1,GATEWAY,18.28,80_00_00_00_00_01,17.67,80_00_00_00_00_02,13.149999999999999,80_00_00_00_00_03,1.5600000000000005,-10,80_00_00_00_02_01,1,5,80_00_00_00_05_01,-5.8,80_00_00_00_03_01,25,70,15,80_00_00_00_01_01,"2014-07-10 11:28:09"
-1,GATEWAY,18.28,80_00_00_00_00_01,17.68,80_00_00_00_00_02,13.149999999999999,80_00_00_00_00_03,1.5600000000000005,-10,80_00_00_00_02_01,1,5,80_00_00_00_05_01,-5.8,80_00_00_00_03_01,25,70,15,80_00_00_00_01_01,"2014-07-10 11:28:14"
-1,GATEWAY,18.28,80_00_00_00_00_01,17.68,80_00_00_00_00_02,13.149999999999999,80_00_00_00_00_03,1.5600000000000005,-10,80_00_00_00_02_01,1,5,80_00_00_00_05_01,-5.8,80_00_00_00_03_01,25,70,15,80_00_00_00_01_01,"2014-07-10 11:28:19"
-1,GATEWAY,18.28,80_00_00_00_00_01,17.68,80_00_00_00_00_02,13.149999999999999,80_00_00_00_00_03,1.5600000000000005,-10,80_00_00_00_02_01,1,5,80_00_00_00_05_01,-5.8,80_00_00_00_03_01,25,70,15,80_00_00_00_01_01,"2014-07-10 11:28:24"
-1,GATEWAY,18.28,80_00_00_00_00_01,17.68,80_00_00_00_00_02,13.149999999999999,80_00_00_00_00_03,1.5600000000000005,-10,80_00_00_00_02_01,1,5,80_00_00_00_05_01,-5.8,80_00_00_00_03_01,25,70,15,80_00_00_00_01_01,"2014-07-10 11:28:29"
-1,GATEWAY,18.28,80_00_00_00_00_01,17.68,80_00_00_00_00_02,13.149999999999999,80_00_00_00_00_03,1.5700000000000003,-10,80_00_00_00_02_01,1,5,80_00_00_00_05_01,-5.8,80_00_00_00_03_01,25,70,15,80_00_00_00_01_01,"2014-07-10 11:28:34"
-1,GATEWAY,18.28,80_00_00_00_00_01,17.68,80_00_00_00_00_02,13.149999999999999,80_00_00_00_00_03,1.5700000000000003,-10,80_00_00_00_02_01,1,5,80_00_00_00_05_01,-5.8,80_00_00_00_03_01,25,70,15,80_00_00_00_01_01,"2014-07-10 11:28:39"
-1,GATEWAY,18.28,80_00_00_00_00_01,17.68,80_00_00_00_00_02,13.149999999999999,80_00_00_00_00_03,1.5700000000000003,-10,80_00_00_00_02_01,1,5,80_00_00_00_05_01,-5.8,80_00_00_00_03_01,25,70,15,80_00_00_00_01_01,"2014-07-10 11:28:44"
-1,GATEWAY,18.28,80_00_00_00_00_01,17.68,80_00_00_00_00_02,13.149999999999999,80_00_00_00_00_03,1.5700000000000003,-10,80_00_00_00_02_01,1,5,80_00_00_00_05_01,-5.8,80_00_00_00_03_01,25,70,15,80_00_00_00_01_01,"2014-07-10 11:28:49"
-1,GATEWAY,18.28,80_00_00_00_00_01,17.69,80_00_00_00_00_02,13.149999999999999,80_00_00_00_00_03,1.5700000000000003,-10,80_00_00_00_02_01,1,5,80_00_00_00_05_01,-5.8,80_00_00_00_03_01,25,70,15,80_00_00_00_01_01,"2014-07-10 11:28:54"
-1,GATEWAY,18.28,80_00_00_00_00_01,17.69,80_00_00_00_00_02,13.149999999999999,80_00_00_00_00_03,1.5700000000000003,-10,80_00_00_00_02_01,1,5,80_00_00_00_05_01,-5.8,80_00_00_00_03_01,25,70,15,80_00_00_00_01_01,"2014-07-10 11:28:59"
-1,GATEWAY,18.28,80_00_00_00_00_01,17.69,80_00_00_00_00_02,13.149999999999999,80_00_00_00_00_03,1.5700000000000003,-10,80_00_00_00_02_01,1,5,80_00_00_00_05_01,-5.8,80_00_00_00_03_01,25,70,15,80_00_00_00_01_01,"2014-07-10 11:29:04"
-1,GATEWAY,18.28,80_00_00_00_00_01,17.69,80_00_00_00_00_02,13.149999999999999,80_00_00_00_00_03,1.5700000000000003,-10,80_00_00_00_02_01,1,5,80_00_00_00_05_01,-5.8,80_00_00_00_03_01,25,70,15,80_00_00_00_01_01,"2014-07-10 11:29:09"
-1,GATEWAY,18.28,80_00_00_00_00_01,17.69,80_00_00_00_00_02,13.149999999999999,80_00_00_00_00_03,1.5700000000000003,-10,80_00_00_00_02_01,1,5,80_00_00_00_05_01,-5.8,80_00_00_00_03_01,25,70,15,80_00_00_00_01_01,"2014-07-10 11:29:14"
-1,GATEWAY,18.28,80_00_00_00_00_01,17.69,80_00_00_00_00_02,13.149999999999999,80_00_00_00_00_03,1.5700000000000003,-10,80_00_00_00_02_01,1,5,80_00_00_00_05_01,-5.8,80_00_00_00_03_01,25,70,15,80_00_00_00_01_01,"2014-07-10 11:29:19"
-1,GATEWAY,18.28,80_00_00_00_00_01,17.69,80_00_00_00_00_02,13.149999999999999,80_00_00_00_00_03,1.5700000000000003,-10,80_00_00_00_02_01,1,5,80_00_00_00_05_01,-5.8,80_00_00_00_03_01,25,70,15,80_00_00_00_01_01,"2014-07-10 11:29:24"
-1,GATEWAY,18.28,80_00_00_00_00_01,17.69,80_00_00_00_00_02,13.149999999999999,80_00_00_00_00_03,1.5700000000000003,-10,80_00_00_00_02_01,1,5,80_00_00_00_05_01,-5.8,80_00_00_00_03_01,25,70,15,80_00_00_00_01_01,"2014-07-10 11:29:29"
-1,GATEWAY,18.28,80_00_00_00_00_01,17.7,80_00_00_00_00_02,13.149999999999999,80_00_00_00_00_03,1.5700000000000003,-10,80_00_00_00_02_01,1,5,80_00_00_00_05_01,-5.8,80_00_00_00_03_01,25,70,15,80_00_00_00_01_01,"2014-07-10 11:29:34"
-1,GATEWAY,18.28,80_00_00_00_00_01,17.7,80_00_00_00_00_02,13.149999999999999,80_00_00_00_00_03,1.5700000000000003,-10,80_00_00_00_02_01,1,5,80_00_00_00_05_01,-5.8,80_00_00_00_03_01,25,70,15,80_00_00_00_01_01,"2014-07-10 11:29:39"
-1,GATEWAY,18.28,80_00_00_00_00_01,17.7,80_00_00_00_00_02,13.149999999999999,80_00_00_00_00_03,1.5700000000000003,-10,80_00_00_00_02_01,1,5,80_00_00_00_05_01,-5.8,80_00_00_00_03_01,25,70,15,80_00_00_00_01_01,"2014-07-10 11:29:44"
-1,GATEWAY,18.28,80_00_00_00_00_01,17.7,80_00_00_00_00_02,13.149999999999999,80_00_00_00_00_03,1.5700000000000003,-10,80_00_00_00_02_01,1,5,80_00_00_00_05_01,-5.8,80_00_00_00_03_01,25,70,15,80_00_00_00_01_01,"2014-07-10 11:29:49"
-1,GATEWAY,18.28,80_00_00_00_00_01,17.7,80_00_00_00_00_02,13.149999999999999,80_00_00_00_00_03,1.5700000000000003,-10,80_00_00_00_02_01,1,5,80_00_00_00_05_01,-5.8,80_00_00_00_03_01,25,70,15,80_00_00_00_01_01,"2014-07-10 11:29:54"
-1,GATEWAY,18.28,80_00_00_00_00_01,17.7,80_00_00_00_00_02,13.149999999999999,80_00_00_00_00_03,1.5700000000000003,-10,80_00_00_00_02_01,1,5,80_00_00_00_05_01,-5.8,80_00_00_00_03_01,25,70,15,80_00_00_00_01_01,"2014-07-10 11:29:59"
-1,GATEWAY,18.28,80_00_00_00_00_01,17.7,80_00_00_00_00_02,13.149999999999999,80_00_00_00_00_03,1.5700000000000003,-10,80_00_00_00_02_01,1,5,80_00_00_00_05_01,-5.8,80_00_00_00_03_01,25,70,15,80_00_00_00_01_01,"2014-07-10 11:30:04"
-1,GATEWAY,18.28,80_00_00_00_00_01,17.7,80_00_00_00_00_02,13.149999999999999,80_00_00_00_00_03,1.5700000000000003,-10,80_00_00_00_02_01,1,5,80_00_00_00_05_01,-5.8,80_00_00_00_03_01,25,70,15,80_00_00_00_01_01,"2014-07-10 11:30:09"
-1,GATEWAY,18.28,80_00_00_00_00_01,17.71,80_00_00_00_00_02,13.16,80_00_00_00_00_03,1.5700000000000003,-10,80_00_00_00_02_01,1,5,80_00_00_00_05_01,-5.8,80_00_00_00_03_01,25,70,15,80_00_00_00_01_01,"2014-07-10 11:30:14"
-1,GATEWAY,18.28,80_00_00_00_00_01,17.71,80_00_00_00_00_02,13.16,80_00_00_00_00_03,1.5700000000000003,-10,80_00_00_00_02_01,1,5,80_00_00_00_05_01,-5.8,80_00_00_00_03_01,25,70,15,80_00_00_00_01_01,"2014-07-10 11:30:19"
-1,GATEWAY,18.28,80_00_00_00_00_01,17.71,80_00_00_00_00_02,13.16,80_00_00_00_00_03,1.5700000000000003,-10,80_00_00_00_02_01,1,5,80_00_00_00_05_01,-5.8,80_00_00_00_03_01,25,70,15,80_00_00_00_01_01,"2014-07-10 11:30:24"
-1,GATEWAY,18.28,80_00_00_00_00_01,17.71,80_00_00_00_00_02,13.16,80_00_00_00_00_03,1.5700000000000003,-10,80_00_00_00_02_01,1,5,80_00_00_00_05_01,-5.8,80_00_00_00_03_01,25,70,15,80_00_00_00_01_01,"2014-07-10 11:30:29"
-1,GATEWAY,18.28,80_00_00_00_00_01,17.71,80_00_00_00_00_02,13.16,80_00_00_00_00_03,1.5700000000000003,-10,80_00_00_00_02_01,1,5,80_00_00_00_05_01,-5.8,80_00_00_00_03_01,25,70,15,80_00_00_00_01_01,"2014-07-10 11:30:34"
-1,GATEWAY,18.28,80_00_00_00_00_01,17.71,80_00_00_00_00_02,13.16,80_00_00_00_00_03,1.5700000000000003,-10,80_00_00_00_02_01,1,5,80_00_00_00_05_01,-5.8,80_00_00_00_03_01,25,70,15,80_00_00_00_01_01,"2014-07-10 11:30:39"
-1,GATEWAY,18.28,80_00_00_00_00_01,17.71,80_00_00_00_00_02,13.16,80_00_00_00_00_03,1.5700000000000003,-10,80_00_00_00_02_01,1,5,80_00_00_00_05_01,-5.8,80_00_00_00_03_01,25,70,15,80_00_00_00_01_01,"2014-07-10 11:30:44"
-1,GATEWAY,18.28,80_00_00_00_00_01,17.71,80_00_00_00_00_02,13.16,80_00_00_00_00_03,1.5700000000000003,-10,80_00_00_00_02_01,1,5,80_00_00_00_05_01,-5.8,80_00_00_00_03_01,25,70,15,80_00_00_00_01_01,"2014-07-10 11:30:49"
-1,GATEWAY,18.28,80_00_00_00_00_01,17.72,80_00_00_00_00_02,13.16,80_00_00_00_00_03,1.5700000000000003,-10,80_00_00_00_02_01,1,5,80_00_00_00_05_01,-5.8,80_00_00_00_03_01,25,70,15,80_00_00_00_01_01,"2014-07-10 11:30:54"
-1,GATEWAY,18.28,80_00_00_00_00_01,17.72,80_00_00_00_00_02,13.16,80_00_00_00_00_03,1.5700000000000003,-10,80_00_00_00_02_01,1,5,80_00_00_00_05_01,-5.8,80_00_00_00_03_01,25,70,15,80_00_00_00_01_01,"2014-07-10 11:30:59"
-1,GATEWAY,18.28,80_00_00_00_00_01,17.72,80_00_00_00_00_02,13.16,80_00_00_00_00_03,1.5700000000000003,-10,80_00_00_00_02_01,1,5,80_00_00_00_05_01,-5.8,80_00_00_00_03_01,25,70,15,80_00_00_00_01_01,"2014-07-10 11:31:04"
-1,GATEWAY,18.28,80_00_00_00_00_01,17.72,80_00_00_00_00_02,13.16,80_00_00_00_00_03,1.5700000000000003,-10,80_00_00_00_02_01,1,5,80_00_00_00_05_01,-5.8,80_00_00_00_03_01,25,70,15,80_00_00_00_01_01,"2014-07-10 11:31:09"
-1,GATEWAY,18.28,80_00_00_00_00_01,17.72,80_00_00_00_00_02,13.16,80_00_00_00_00_03,1.5700000000000003,-10,80_00_00_00_02_01,1,5,80_00_00_00_05_01,-5.8,80_00_00_00_03_01,25,70,15,80_00_00_00_01_01,"2014-07-10 11:31:14"
-1,GATEWAY,18.28,80_00_00_00_00_01,17.72,80_00_00_00_00_02,13.16,80_00_00_00_00_03,1.5700000000000003,-10,80_00_00_00_02_01,1,5,80_00_00_00_05_01,-5.8,80_00_00_00_03_01,25,70,15,80_00_00_00_01_01,"2014-07-10 11:31:19"
-1,GATEWAY,18.28,80_00_00_00_00_01,17.72,80_00_00_00_00_02,13.16,80_00_00_00_00_03,1.5700000000000003,-10,80_00_00_00_02_01,1,5,80_00_00_00_05_01,-5.8,80_00_00_00_03_01,25,70,15,80_00_00_00_01_01,"2014-07-10 11:31:24"
-1,GATEWAY,18.28,80_00_00_00_00_01,17.72,80_00_00_00_00_02,13.16,80_00_00_00_00_03,1.5700000000000003,-10,80_00_00_00_02_01,1,5,80_00_00_00_05_01,-5.8,80_00_00_00_03_01,25,70,15,80_00_00_00_01_01,"2014-07-10 11:31:29"
-1,GATEWAY,18.28,80_00_00_00_00_01,17.73,80_00_00_00_00_02,13.16,80_00_00_00_00_03,1.5700000000000003,-10,80_00_00_00_02_01,1,5,80_00_00_00_05_01,-5.8,80_00_00_00_03_01,25,70,15,80_00_00_00_01_01,"2014-07-10 11:31:34"
-1,GATEWAY,18.28,80_00_00_00_00_01,17.73,80_00_00_00_00_02,13.16,80_00_00_00_00_03,1.5700000000000003,-10,80_00_00_00_02_01,1,5,80_00_00_00_05_01,-5.8,80_00_00_00_03_01,25,70,15,80_00_00_00_01_01,"2014-07-10 11:31:39"
-1,GATEWAY,18.28,80_00_00_00_00_01,17.73,80_00_00_00_00_02,13.16,80_00_00_00_00_03,1.5700000000000003,-10,80_00_00_00_02_01,1,5,80_00_00_00_05_01,-5.8,80_00_00_00_03_01,25,70,15,80_00_00_00_01_01,"2014-07-10 11:31:44"
-1,GATEWAY,18.28,80_00_00_00_00_01,17.73,80_00_00_00_00_02,13.16,80_00_00_00_00_03,1.5700000000000003,-10,80_00_00_00_02_01,1,5,80_00_00_00_05_01,-5.8,80_00_00_00_03_01,25,70,15,80_00_00_00_01_01,"2014-07-10 11:31:49"
-1,GATEWAY,18.28,80_00_00_00_00_01,17.73,80_00_00_00_00_02,13.16,80_00_00_00_00_03,1.5700000000000003,-10,80_00_00_00_02_01,1,5,80_00_00_00_05_01,-5.8,80_00_00_00_03_01,25,70,15,80_00_00_00_01_01,"2014-07-10 11:31:54"
-1,GATEWAY,18.28,80_00_00_00_00_01,17.73,80_00_00_00_00_02,13.16,80_00_00_00_00_03,1.5700000000000003,-10,80_00_00_00_02_01,1,5,80_00_00_00_05_01,-5.8,80_00_00_00_03_01,25,70,15,80_00_00_00_01_01,"2014-07-10 11:31:59"
-1,GATEWAY,18.28,80_00_00_00_00_01,17.73,80_00_00_00_00_02,13.16,80_00_00_00_00_03,1.5700000000000003,-10,80_00_00_00_02_01,1,5,80_00_00_00_05_01,-5.8,80_00_00_00_03_01,25,70,15,80_00_00_00_01_01,"2014-07-10 11:32:04"
-1,GATEWAY,18.28,80_00_00_00_00_01,17.73,80_00_00_00_00_02,13.16,80_00_00_00_00_03,1.5700000000000003,-10,80_00_00_00_02_01,1,5,80_00_00_00_05_01,-5.8,80_00_00_00_03_01,25,70,15,80_00_00_00_01_01,"2014-07-10 11:32:09"
-1,GATEWAY,18.28,80_00_00_00_00_01,17.74,80_00_00_00_00_02,13.170000000000002,80_00_00_00_00_03,1.5700000000000003,-10,80_00_00_00_02_01,1,5,80_00_00_00_05_01,-5.8,80_00_00_00_03_01,25,70,15,80_00_00_00_01_01,"2014-07-10 11:32:14"
-1,GATEWAY,18.28,80_00_00_00_00_01,17.74,80_00_00_00_00_02,13.170000000000002,80_00_00_00_00_03,1.5700000000000003,-10,80_00_00_00_02_01,1,5,80_00_00_00_05_01,-5.8,80_00_00_00_03_01,25,70,15,80_00_00_00_01_01,"2014-07-10 11:32:19"
-1,GATEWAY,18.28,80_00_00_00_00_01,17.74,80_00_00_00_00_02,13.170000000000002,80_00_00_00_00_03,1.5700000000000003,-10,80_00_00_00_02_01,1,5,80_00_00_00_05_01,-5.8,80_00_00_00_03_01,25,70,15,80_00_00_00_01_01,"2014-07-10 11:32:24"
-1,GATEWAY,18.28,80_00_00_00_00_01,17.74,80_00_00_00_00_02,13.170000000000002,80_00_00_00_00_03,1.5700000000000003,-10,80_00_00_00_02_01,1,5,80_00_00_00_05_01,-5.8,80_00_00_00_03_01,25,70,15,80_00_00_00_01_01,"2014-07-10 11:32:29"
-1,GATEWAY,18.28,80_00_00_00_00_01,17.74,80_00_00_00_00_02,13.170000000000002,80_00_00_00_00_03,1.5700000000000003,-10,80_00_00_00_02_01,1,5,80_00_00_00_05_01,-5.8,80_00_00_00_03_01,25,70,15,80_00_00_00_01_01,"2014-07-10 11:32:34"
-1,GATEWAY,18.28,80_00_00_00_00_01,17.74,80_00_00_00_00_02,13.170000000000002,80_00_00_00_00_03,1.5700000000000003,-10,80_00_00_00_02_01,1,5,80_00_00_00_05_01,-5.8,80_00_00_00_03_01,25,70,15,80_00_00_00_01_01,"2014-07-10 11:32:39"
-1,GATEWAY,18.28,80_00_00_00_00_01,17.74,80_00_00_00_00_02,13.170000000000002,80_00_00_00_00_03,1.5700000000000003,-10,80_00_00_00_02_01,1,5,80_00_00_00_05_01,-5.8,80_00_00_00_03_01,25,70,15,80_00_00_00_01_01,"2014-07-10 11:32:44"
-1,GATEWAY,18.28,80_00_00_00_00_01,17.74,80_00_00_00_00_02,13.170000000000002,80_00_00_00_00_03,1.5700000000000003,-10,80_00_00_00_02_01,1,5,80_00_00_00_05_01,-5.8,80_00_00_00_03_01,25,70,15,80_00_00_00_01_01,"2014-07-10 11:32:49"
-1,GATEWAY,18.28,80_00_00_00_00_01,17.74,80_00_00_00_00_02,13.170000000000002,80_00_00_00_00_03,1.5700000000000003,-10,80_00_00_00_02_01,1,5,80_00_00_00_05_01,-5.8,80_00_00_00_03_01,25,70,15,80_00_00_00_01_01,"2014-07-10 11:32:54"
-1,GATEWAY,18.28,80_00_00_00_00_01,17.74,80_00_00_00_00_02,13.170000000000002,80_00_00_00_00_03,1.5700000000000003,-10,80_00_00_00_02_01,1,5,80_00_00_00_05_01,-5.8,80_00_00_00_03_01,25,70,15,80_00_00_00_01_01,"2014-07-10 11:32:59"
-1,GATEWAY,18.28,80_00_00_00_00_01,17.74,80_00_00_00_00_02,13.170000000000002,80_00_00_00_00_03,1.5700000000000003,-10,80_00_00_00_02_01,1,5,80_00_00_00_05_01,-5.8,80_00_00_00_03_01,25,70,15,80_00_00_00_01_01,"2014-07-10 11:33:04"
-1,GATEWAY,18.28,80_00_00_00_00_01,17.74,80_00_00_00_00_02,13.170000000000002,80_00_00_00_00_03,1.5700000000000003,-10,80_00_00_00_02_01,1,5,80_00_00_00_05_01,-5.8,80_00_00_00_03_01,25,70,15,80_00_00_00_01_01,"2014-07-10 11:33:09"
-1,GATEWAY,18.28,80_00_00_00_00_01,17.75,80_00_00_00_00_02,13.170000000000002,80_00_00_00_00_03,1.5700000000000003,-10,80_00_00_00_02_01,1,5,80_00_00_00_05_01,-5.8,80_00_00_00_03_01,25,70,15,80_00_00_00_01_01,"2014-07-10 11:33:14"
-1,GATEWAY,18.28,80_00_00_00_00_01,17.75,80_00_00_00_00_02,13.170000000000002,80_00_00_00_00_03,1.5700000000000003,-10,80_00_00_00_02_01,1,5,80_00_00_00_05_01,-5.8,80_00_00_00_03_01,25,70,15,80_00_00_00_01_01,"2014-07-10 11:33:19"
-1,GATEWAY,18.28,80_00_00_00_00_01,17.75,80_00_00_00_00_02,13.170000000000002,80_00_00_00_00_03,1.5700000000000003,-10,80_00_00_00_02_01,1,5,80_00_00_00_05_01,-5.8,80_00_00_00_03_01,25,70,15,80_00_00_00_01_01,"2014-07-10 11:33:24"
-1,GATEWAY,18.28,80_00_00_00_00_01,17.75,80_00_00_00_00_02,13.170000000000002,80_00_00_00_00_03,1.5700000000000003,-10,80_00_00_00_02_01,1,5,80_00_00_00_05_01,-5.8,80_00_00_00_03_01,25,70,15,80_00_00_00_01_01,"2014-07-10 11:33:29"
-1,GATEWAY,18.28,80_00_00_00_00_01,17.75,80_00_00_00_00_02,13.170000000000002,80_00_00_00_00_03,1.5700000000000003,-10,80_00_00_00_02_01,1,5,80_00_00_00_05_01,-5.8,80_00_00_00_03_01,25,70,15,80_00_00_00_01_01,"2014-07-10 11:33:34"
-1,GATEWAY,18.28,80_00_00_00_00_01,17.75,80_00_00_00_00_02,13.170000000000002,80_00_00_00_00_03,1.5700000000000003,-10,80_00_00_00_02_01,1,5,80_00_00_00_05_01,-5.8,80_00_00_00_03_01,25,70,15,80_00_00_00_01_01,"2014-07-10 11:33:39"
-1,GATEWAY,18.28,80_00_00_00_00_01,17.75,80_00_00_00_00_02,13.170000000000002,80_00_00_00_00_03,1.5700000000000003,-10,80_00_00_00_02_01,1,5,80_00_00_00_05_01,-5.8,80_00_00_00_03_01,25,70,15,80_00_00_00_01_01,"2014-07-10 11:33:44"
-1,GATEWAY,18.28,80_00_00_00_00_01,17.75,80_00_00_00_00_02,13.170000000000002,80_00_00_00_00_03,1.5700000000000003,-10,80_00_00_00_02_01,1,5,80_00_00_00_05_01,-5.8,80_00_00_00_03_01,25,70,15,80_00_00_00_01_01,"2014-07-10 11:33:49"
-1,GATEWAY,18.28,80_00_00_00_00_01,17.76,80_00_00_00_00_02,13.170000000000002,80_00_00_00_00_03,1.5700000000000003,-10,80_00_00_00_02_01,1,5,80_00_00_00_05_01,-5.8,80_00_00_00_03_01,25,70,15,80_00_00_00_01_01,"2014-07-10 11:33:54"
-1,GATEWAY,18.28,80_00_00_00_00_01,17.76,80_00_00_00_00_02,13.170000000000002,80_00_00_00_00_03,1.5700000000000003,-10,80_00_00_00_02_01,1,5,80_00_00_00_05_01,-5.8,80_00_00_00_03_01,25,70,15,80_00_00_00_01_01,"2014-07-10 11:33:59"
-1,GATEWAY,18.28,80_00_00_00_00_01,17.76,80_00_00_00_00_02,13.170000000000002,80_00_00_00_00_03,1.5700000000000003,-10,80_00_00_00_02_01,1,5,80_00_00_00_05_01,-5.8,80_00_00_00_03_01,25,70,15,80_00_00_00_01_01,"2014-07-10 11:34:04"
-1,GATEWAY,18.28,80_00_00_00_00_01,17.76,80_00_00_00_00_02,13.170000000000002,80_00_00_00_00_03,1.5700000000000003,-10,80_00_00_00_02_01,1,5,80_00_00_00_05_01,-5.8,80_00_00_00_03_01,25,70,15,80_00_00_00_01_01,"2014-07-10 11:34:09"
-1,GATEWAY,18.28,80_00_00_00_00_01,17.76,80_00_00_00_00_02,13.18,80_00_00_00_00_03,1.5700000000000003,-10,80_00_00_00_02_01,1,5,80_00_00_00_05_01,-5.8,80_00_00_00_03_01,25,70,15,80_00_00_00_01_01,"2014-07-10 11:34:14"
-1,GATEWAY,18.28,80_00_00_00_00_01,17.76,80_00_00_00_00_02,13.18,80_00_00_00_00_03,1.5700000000000003,-10,80_00_00_00_02_01,1,5,80_00_00_00_05_01,-5.8,80_00_00_00_03_01,25,70,15,80_00_00_00_01_01,"2014-07-10 11:34:19"
-1,GATEWAY,18.28,80_00_00_00_00_01,17.76,80_00_00_00_00_02,13.18,80_00_00_00_00_03,1.5700000000000003,-10,80_00_00_00_02_01,1,5,80_00_00_00_05_01,-5.8,80_00_00_00_03_01,25,70,15,80_00_00_00_01_01,"2014-07-10 11:34:24"
-1,GATEWAY,18.28,80_00_00_00_00_01,17.76,80_00_00_00_00_02,13.18,80_00_00_00_00_03,1.5700000000000003,-10,80_00_00_00_02_01,1,5,80_00_00_00_05_01,-5.8,80_00_00_00_03_01,25,70,15,80_00_00_00_01_01,"2014-07-10 11:34:29"
-1,GATEWAY,18.28,80_00_00_00_00_01,17.77,80_00_00_00_00_02,13.18,80_00_00_00_00_03,1.5700000000000003,-10,80_00_00_00_02_01,1,5,80_00_00_00_05_01,-5.8,80_00_00_00_03_01,25,70,15,80_00_00_00_01_01,"2014-07-10 11:34:34"
-1,GATEWAY,18.28,80_00_00_00_00_01,17.77,80_00_00_00_00_02,13.18,80_00_00_00_00_03,1.5700000000000003,-10,80_00_00_00_02_01,1,5,80_00_00_00_05_01,-5.8,80_00_00_00_03_01,25,70,15,80_00_00_00_01_01,"2014-07-10 11:34:39"
-1,GATEWAY,18.28,80_00_00_00_00_01,17.77,80_00_00_00_00_02,13.18,80_00_00_00_00_03,1.5700000000000003,-10,80_00_00_00_02_01,1,5,80_00_00_00_05_01,-5.8,80_00_00_00_03_01,25,70,15,80_00_00_00_01_01,"2014-07-10 11:34:44"
-1,GATEWAY,18.28,80_00_00_00_00_01,17.77,80_00_00_00_00_02,13.18,80_00_00_00_00_03,1.5700000000000003,-10,80_00_00_00_02_01,1,5,80_00_00_00_05_01,-5.8,80_00_00_00_03_01,25,70,15,80_00_00_00_01_01,"2014-07-10 11:34:49"
-1,GATEWAY,18.28,80_00_00_00_00_01,17.77,80_00_00_00_00_02,13.18,80_00_00_00_00_03,1.5700000000000003,-10,80_00_00_00_02_01,1,5,80_00_00_00_05_01,-5.8,80_00_00_00_03_01,25,70,15,80_00_00_00_01_01,"2014-07-10 11:34:54"
-1,GATEWAY,18.28,80_00_00_00_00_01,17.77,80_00_00_00_00_02,13.18,80_00_00_00_00_03,1.5700000000000003,-10,80_00_00_00_02_01,1,5,80_00_00_00_05_01,-5.8,80_00_00_00_03_01,25,70,15,80_00_00_00_01_01,"2014-07-10 11:34:59"
-1,GATEWAY,18.28,80_00_00_00_00_01,17.77,80_00_00_00_00_02,13.18,80_00_00_00_00_03,1.5700000000000003,-10,80_00_00_00_02_01,1,5,80_00_00_00_05_01,-5.8,80_00_00_00_03_01,25,70,15,80_00_00_00_01_01,"2014-07-10 11:35:04"
-1,GATEWAY,18.28,80_00_00_00_00_01,17.77,80_00_00_00_00_02,13.18,80_00_00_00_00_03,1.5700000000000003,-10,80_00_00_00_02_01,1,5,80_00_00_00_05_01,-5.8,80_00_00_00_03_01,25,70,15,80_00_00_00_01_01,"2014-07-10 11:35:09"
-1,GATEWAY,18.28,80_00_00_00_00_01,17.77,80_00_00_00_00_02,13.18,80_00_00_00_00_03,1.5700000000000003,-10,80_00_00_00_02_01,1,5,80_00_00_00_05_01,-5.8,80_00_00_00_03_01,25,70,15,80_00_00_00_01_01,"2014-07-10 11:35:14"
-1,GATEWAY,18.28,80_00_00_00_00_01,17.77,80_00_00_00_00_02,13.18,80_00_00_00_00_03,1.5700000000000003,-10,80_00_00_00_02_01,1,5,80_00_00_00_05_01,-5.8,80_00_00_00_03_01,25,70,15,80_00_00_00_01_01,"2014-07-10 11:35:19"
-1,GATEWAY,18.28,80_00_00_00_00_01,17.77,80_00_00_00_00_02,13.18,80_00_00_00_00_03,1.5700000000000003,-10,80_00_00_00_02_01,1,5,80_00_00_00_05_01,-5.8,80_00_00_00_03_01,25,70,15,80_00_00_00_01_01,"2014-07-10 11:35:24"
-1,GATEWAY,18.28,80_00_00_00_00_01,17.77,80_00_00_00_00_02,13.18,80_00_00_00_00_03,1.5700000000000003,-10,80_00_00_00_02_01,1,5,80_00_00_00_05_01,-5.8,80_00_00_00_03_01,25,70,15,80_00_00_00_01_01,"2014-07-10 11:35:29"
-1,GATEWAY,18.28,80_00_00_00_00_01,17.78,80_00_00_00_00_02,13.18,80_00_00_00_00_03,1.5700000000000003,-10,80_00_00_00_02_01,1,5,80_00_00_00_05_01,-5.79,80_00_00_00_03_01,25,70,15,80_00_00_00_01_01,"2014-07-10 11:35:34"
-1,GATEWAY,18.28,80_00_00_00_00_01,17.78,80_00_00_00_00_02,13.18,80_00_00_00_00_03,1.5700000000000003,-10,80_00_00_00_02_01,1,5,80_00_00_00_05_01,-5.79,80_00_00_00_03_01,25,70,15,80_00_00_00_01_01,"2014-07-10 11:35:39"
-1,GATEWAY,18.28,80_00_00_00_00_01,17.78,80_00_00_00_00_02,13.18,80_00_00_00_00_03,1.5700000000000003,-10,80_00_00_00_02_01,1,5,80_00_00_00_05_01,-5.79,80_00_00_00_03_01,25,70,15,80_00_00_00_01_01,"2014-07-10 11:35:44"
-1,GATEWAY,18.28,80_00_00_00_00_01,17.78,80_00_00_00_00_02,13.18,80_00_00_00_00_03,1.5700000000000003,-10,80_00_00_00_02_01,1,5,80_00_00_00_05_01,-5.79,80_00_00_00_03_01,25,70,15,80_00_00_00_01_01,"2014-07-10 11:35:49"
-1,GATEWAY,18.28,80_00_00_00_00_01,17.78,80_00_00_00_00_02,13.18,80_00_00_00_00_03,1.5700000000000003,-10,80_00_00_00_02_01,1,5,80_00_00_00_05_01,-5.79,80_00_00_00_03_01,25,70,15,80_00_00_00_01_01,"2014-07-10 11:35:54"
-1,GATEWAY,18.28,80_00_00_00_00_01,17.78,80_00_00_00_00_02,13.18,80_00_00_00_00_03,1.5700000000000003,-10,80_00_00_00_02_01,1,5,80_00_00_00_05_01,-5.79,80_00_00_00_03_01,25,70,15,80_00_00_00_01_01,"2014-07-10 11:35:59"
-1,GATEWAY,18.28,80_00_00_00_00_01,17.78,80_00_00_00_00_02,13.18,80_00_00_00_00_03,1.5700000000000003,-10,80_00_00_00_02_01,1,5,80_00_00_00_05_01,-5.79,80_00_00_00_03_01,25,70,15,80_00_00_00_01_01,"2014-07-10 11:36:04"
-1,GATEWAY,18.28,80_00_00_00_00_01,17.78,80_00_00_00_00_02,13.18,80_00_00_00_00_03,1.5700000000000003,-10,80_00_00_00_02_01,1,5,80_00_00_00_05_01,-5.79,80_00_00_00_03_01,25,70,15,80_00_00_00_01_01,"2014-07-10 11:36:09"
-1,GATEWAY,18.28,80_00_00_00_00_01,17.79,80_00_00_00_00_02,13.18,80_00_00_00_00_03,1.5700000000000003,-10,80_00_00_00_02_01,1,5,80_00_00_00_05_01,-5.79,80_00_00_00_03_01,25,70,15,80_00_00_00_01_01,"2014-07-10 11:36:14"
-1,GATEWAY,18.28,80_00_00_00_00_01,17.79,80_00_00_00_00_02,13.18,80_00_00_00_00_03,1.5700000000000003,-10,80_00_00_00_02_01,1,5,80_00_00_00_05_01,-5.79,80_00_00_00_03_01,25,70,15,80_00_00_00_01_01,"2014-07-10 11:36:19"
-1,GATEWAY,18.28,80_00_00_00_00_01,17.79,80_00_00_00_00_02,13.18,80_00_00_00_00_03,1.5700000000000003,-10,80_00_00_00_02_01,1,5,80_00_00_00_05_01,-5.79,80_00_00_00_03_01,25,70,15,80_00_00_00_01_01,"2014-07-10 11:36:24"
-1,GATEWAY,18.28,80_00_00_00_00_01,17.79,80_00_00_00_00_02,13.18,80_00_00_00_00_03,1.5700000000000003,-10,80_00_00_00_02_01,1,5,80_00_00_00_05_01,-5.79,80_00_00_00_03_01,25,70,15,80_00_00_00_01_01,"2014-07-10 11:36:29"
-1,GATEWAY,18.29,80_00_00_00_00_01,17.79,80_00_00_00_00_02,13.190000000000001,80_00_00_00_00_03,1.5700000000000003,-10,80_00_00_00_02_01,1,5,80_00_00_00_05_01,-5.79,80_00_00_00_03_01,25,70,15,80_00_00_00_01_01,"2014-07-10 11:36:34"
-1,GATEWAY,-10,80_00_00_00_00_01,-10,80_00_00_00_00_02,-10,80_00_00_00_00_03,-10,-10,80_00_00_00_02_01,0,-10,80_00_00_00_05_01,-10,80_00_00_00_03_01,-10,70,15,80_00_00_00_01_01,"2014-07-10 14:10:18"
-1,GATEWAY,-10,80_00_00_00_00_01,-10,80_00_00_00_00_02,-10,80_00_00_00_00_03,-10,-10,80_00_00_00_02_01,0,-10,80_00_00_00_05_01,-10,80_00_00_00_03_01,-10,70,15,80_00_00_00_01_01,"2014-07-10 14:10:23"
-1,GATEWAY,-10,80_00_00_00_00_01,-10,80_00_00_00_00_02,-10,80_00_00_00_00_03,-10,-10,80_00_00_00_02_01,0,-10,80_00_00_00_05_01,-10,80_00_00_00_03_01,-10,70,15,80_00_00_00_01_01,"2014-07-10 14:10:27"
-1,GATEWAY,-10,80_00_00_00_00_01,-10,80_00_00_00_00_02,-10,80_00_00_00_00_03,-10,-10,80_00_00_00_02_01,0,-10,80_00_00_00_05_01,-10,80_00_00_00_03_01,-10,70,15,80_00_00_00_01_01,"2014-07-10 14:10:32"
-1,GATEWAY,15,80_00_00_00_00_01,15,80_00_00_00_00_02,15,80_00_00_00_00_03,20.5,-10,80_00_00_00_02_01,0,-10,80_00_00_00_05_01,-10,80_00_00_00_03_01,25,70,15,80_00_00_00_01_01,"2014-07-10 14:10:37"
-1,GATEWAY,15,80_00_00_00_00_01,15,80_00_00_00_00_02,15,80_00_00_00_00_03,20.5,-10,80_00_00_00_02_01,0,-10,80_00_00_00_05_01,-10,80_00_00_00_03_01,25,70,15,80_00_00_00_01_01,"2014-07-10 14:10:42"
-1,GATEWAY,15,80_00_00_00_00_01,15,80_00_00_00_00_02,15,80_00_00_00_00_03,20.5,-10,80_00_00_00_02_01,0,-10,80_00_00_00_05_01,-10,80_00_00_00_03_01,25,70,15,80_00_00_00_01_01,"2014-07-10 14:10:47"
-1,GATEWAY,15,80_00_00_00_00_01,15,80_00_00_00_00_02,15,80_00_00_00_00_03,20.5,-10,80_00_00_00_02_01,0,-10,80_00_00_00_05_01,-10,80_00_00_00_03_01,25,70,15,80_00_00_00_01_01,"2014-07-10 14:10:52"
-1,GATEWAY,15,80_00_00_00_00_01,15,80_00_00_00_00_02,15,80_00_00_00_00_03,20.5,-10,80_00_00_00_02_01,0,-10,80_00_00_00_05_01,-10,80_00_00_00_03_01,25,70,15,80_00_00_00_01_01,"2014-07-10 14:10:57"
-1,GATEWAY,15,80_00_00_00_00_01,15,80_00_00_00_00_02,15,80_00_00_00_00_03,20.5,-10,80_00_00_00_02_01,0,-10,80_00_00_00_05_01,-10,80_00_00_00_03_01,25,70,15,80_00_00_00_01_01,"2014-07-10 14:11:02"
-1,GATEWAY,15,80_00_00_00_00_01,15,80_00_00_00_00_02,15,80_00_00_00_00_03,20.5,-10,80_00_00_00_02_01,0,-10,80_00_00_00_05_01,-10,80_00_00_00_03_01,25,70,15,80_00_00_00_01_01,"2014-07-10 14:11:07"
-1,GATEWAY,15,80_00_00_00_00_01,15,80_00_00_00_00_02,15,80_00_00_00_00_03,20.5,-10,80_00_00_00_02_01,0,-10,80_00_00_00_05_01,-10,80_00_00_00_03_01,25,70,15,80_00_00_00_01_01,"2014-07-10 14:11:12"
-1,GATEWAY,15,80_00_00_00_00_01,15,80_00_00_00_00_02,15,80_00_00_00_00_03,20.5,-10,80_00_00_00_02_01,0,-10,80_00_00_00_05_01,-10,80_00_00_00_03_01,25,70,15,80_00_00_00_01_01,"2014-07-10 14:11:17"
-1,GATEWAY,15,80_00_00_00_00_01,15,80_00_00_00_00_02,15,80_00_00_00_00_03,20.5,-10,80_00_00_00_02_01,0,-10,80_00_00_00_05_01,-10,80_00_00_00_03_01,25,70,15,80_00_00_00_01_01,"2014-07-10 14:11:22"
-1,GATEWAY,15,80_00_00_00_00_01,15,80_00_00_00_00_02,15,80_00_00_00_00_03,20.5,-10,80_00_00_00_02_01,0,-10,80_00_00_00_05_01,-10,80_00_00_00_03_01,25,70,15,80_00_00_00_01_01,"2014-07-10 14:11:27"
-1,GATEWAY,15,80_00_00_00_00_01,15,80_00_00_00_00_02,15,80_00_00_00_00_03,20.5,-10,80_00_00_00_02_01,0,-10,80_00_00_00_05_01,-10,80_00_00_00_03_01,25,70,15,80_00_00_00_01_01,"2014-07-10 14:11:32"
-1,GATEWAY,15,80_00_00_00_00_01,15,80_00_00_00_00_02,15,80_00_00_00_00_03,20.5,-10,80_00_00_00_02_01,0,-10,80_00_00_00_05_01,-10,80_00_00_00_03_01,25,70,15,80_00_00_00_01_01,"2014-07-10 14:11:37"
-1,GATEWAY,15,80_00_00_00_00_01,15,80_00_00_00_00_02,15,80_00_00_00_00_03,20.5,-10,80_00_00_00_02_01,0,-10,80_00_00_00_05_01,-10,80_00_00_00_03_01,25,70,15,80_00_00_00_01_01,"2014-07-10 14:11:42"
-1,GATEWAY,15,80_00_00_00_00_01,15,80_00_00_00_00_02,15,80_00_00_00_00_03,20.5,-10,80_00_00_00_02_01,0,-10,80_00_00_00_05_01,-10,80_00_00_00_03_01,25,70,15,80_00_00_00_01_01,"2014-07-10 14:11:47"
-1,GATEWAY,15,80_00_00_00_00_01,15,80_00_00_00_00_02,15,80_00_00_00_00_03,20.5,-10,80_00_00_00_02_01,0,-10,80_00_00_00_05_01,-10,80_00_00_00_03_01,25,70,15,80_00_00_00_01_01,"2014-07-10 14:11:52"
-1,GATEWAY,15,80_00_00_00_00_01,15,80_00_00_00_00_02,15,80_00_00_00_00_03,20.5,-10,80_00_00_00_02_01,0,-10,80_00_00_00_05_01,-10,80_00_00_00_03_01,25,70,15,80_00_00_00_01_01,"2014-07-10 14:11:57"
-1,GATEWAY,15,80_00_00_00_00_01,15,80_00_00_00_00_02,15,80_00_00_00_00_03,20.5,-10,80_00_00_00_02_01,0,-10,80_00_00_00_05_01,-10,80_00_00_00_03_01,25,70,15,80_00_00_00_01_01,"2014-07-10 14:12:02"
-1,GATEWAY,15,80_00_00_00_00_01,15,80_00_00_00_00_02,15,80_00_00_00_00_03,20.5,-10,80_00_00_00_02_01,0,-10,80_00_00_00_05_01,-10,80_00_00_00_03_01,25,70,15,80_00_00_00_01_01,"2014-07-10 14:12:07"
-1,GATEWAY,15,80_00_00_00_00_01,15,80_00_00_00_00_02,15,80_00_00_00_00_03,20.5,-10,80_00_00_00_02_01,0,-10,80_00_00_00_05_01,-10,80_00_00_00_03_01,25,70,15,80_00_00_00_01_01,"2014-07-10 14:12:12"
-1,GATEWAY,15,80_00_00_00_00_01,15,80_00_00_00_00_02,15,80_00_00_00_00_03,20.5,-10,80_00_00_00_02_01,0,-10,80_00_00_00_05_01,-10,80_00_00_00_03_01,25,70,15,80_00_00_00_01_01,"2014-07-10 14:12:17"
-1,GATEWAY,15,80_00_00_00_00_01,15,80_00_00_00_00_02,15,80_00_00_00_00_03,20.5,-10,80_00_00_00_02_01,0,-10,80_00_00_00_05_01,-10,80_00_00_00_03_01,25,70,15,80_00_00_00_01_01,"2014-07-10 14:12:22"
-1,GATEWAY,15,80_00_00_00_00_01,15,80_00_00_00_00_02,15,80_00_00_00_00_03,20.5,-10,80_00_00_00_02_01,0,-10,80_00_00_00_05_01,-10,80_00_00_00_03_01,25,70,15,80_00_00_00_01_01,"2014-07-10 14:12:27"
-1,GATEWAY,15,80_00_00_00_00_01,15,80_00_00_00_00_02,15,80_00_00_00_00_03,20.5,-10,80_00_00_00_02_01,0,-10,80_00_00_00_05_01,-10,80_00_00_00_03_01,25,70,15,80_00_00_00_01_01,"2014-07-10 14:12:32"
-1,GATEWAY,15,80_00_00_00_00_01,15,80_00_00_00_00_02,15,80_00_00_00_00_03,20.5,-10,80_00_00_00_02_01,0,-10,80_00_00_00_05_01,-10,80_00_00_00_03_01,25,70,15,80_00_00_00_01_01,"2014-07-10 14:12:37"
-1,GATEWAY,15,80_00_00_00_00_01,15,80_00_00_00_00_02,15,80_00_00_00_00_03,20.5,-10,80_00_00_00_02_01,0,-10,80_00_00_00_05_01,-10,80_00_00_00_03_01,25,70,15,80_00_00_00_01_01,"2014-07-10 14:12:42"
-1,GATEWAY,15,80_00_00_00_00_01,15,80_00_00_00_00_02,15,80_00_00_00_00_03,20.5,-10,80_00_00_00_02_01,0,-10,80_00_00_00_05_01,-10,80_00_00_00_03_01,25,70,15,80_00_00_00_01_01,"2014-07-10 14:12:47"
-1,GATEWAY,15,80_00_00_00_00_01,15,80_00_00_00_00_02,15,80_00_00_00_00_03,20.5,-10,80_00_00_00_02_01,0,-10,80_00_00_00_05_01,-10,80_00_00_00_03_01,25,70,15,80_00_00_00_01_01,"2014-07-10 14:12:52"
-1,GATEWAY,15,80_00_00_00_00_01,15,80_00_00_00_00_02,15,80_00_00_00_00_03,20.5,-10,80_00_00_00_02_01,0,-10,80_00_00_00_05_01,-10,80_00_00_00_03_01,25,70,15,80_00_00_00_01_01,"2014-07-10 14:12:57"
-1,GATEWAY,15,80_00_00_00_00_01,15,80_00_00_00_00_02,15,80_00_00_00_00_03,20.5,-10,80_00_00_00_02_01,0,-10,80_00_00_00_05_01,-10,80_00_00_00_03_01,25,70,15,80_00_00_00_01_01,"2014-07-10 14:13:02"
-1,GATEWAY,15,80_00_00_00_00_01,15,80_00_00_00_00_02,15,80_00_00_00_00_03,20.5,-10,80_00_00_00_02_01,0,-10,80_00_00_00_05_01,-10,80_00_00_00_03_01,25,70,15,80_00_00_00_01_01,"2014-07-10 14:13:07"
-1,GATEWAY,15,80_00_00_00_00_01,15,80_00_00_00_00_02,15,80_00_00_00_00_03,20.5,-10,80_00_00_00_02_01,0,-10,80_00_00_00_05_01,-10,80_00_00_00_03_01,25,70,15,80_00_00_00_01_01,"2014-07-10 14:13:12"
-1,GATEWAY,15,80_00_00_00_00_01,15,80_00_00_00_00_02,15,80_00_00_00_00_03,20.5,-10,80_00_00_00_02_01,0,-10,80_00_00_00_05_01,-10,80_00_00_00_03_01,25,70,15,80_00_00_00_01_01,"2014-07-10 14:13:17"
-1,GATEWAY,15,80_00_00_00_00_01,15,80_00_00_00_00_02,15,80_00_00_00_00_03,20.5,-10,80_00_00_00_02_01,0,-10,80_00_00_00_05_01,-10,80_00_00_00_03_01,25,70,15,80_00_00_00_01_01,"2014-07-10 14:13:22"
-1,GATEWAY,15,80_00_00_00_00_01,15,80_00_00_00_00_02,15,80_00_00_00_00_03,20.5,-10,80_00_00_00_02_01,0,-10,80_00_00_00_05_01,-10,80_00_00_00_03_01,25,70,15,80_00_00_00_01_01,"2014-07-10 14:13:27"
-1,GATEWAY,15,80_00_00_00_00_01,15,80_00_00_00_00_02,15,80_00_00_00_00_03,20.5,-10,80_00_00_00_02_01,0,-10,80_00_00_00_05_01,-10,80_00_00_00_03_01,25,70,15,80_00_00_00_01_01,"2014-07-10 14:13:32"
-1,GATEWAY,15,80_00_00_00_00_01,15,80_00_00_00_00_02,15,80_00_00_00_00_03,20.5,-10,80_00_00_00_02_01,0,-10,80_00_00_00_05_01,-10,80_00_00_00_03_01,25,70,15,80_00_00_00_01_01,"2014-07-10 14:13:37"
-1,GATEWAY,15,80_00_00_00_00_01,15,80_00_00_00_00_02,15,80_00_00_00_00_03,20.5,-10,80_00_00_00_02_01,0,-10,80_00_00_00_05_01,-10,80_00_00_00_03_01,25,70,15,80_00_00_00_01_01,"2014-07-10 14:13:42"
-1,GATEWAY,15,80_00_00_00_00_01,15,80_00_00_00_00_02,15,80_00_00_00_00_03,20.5,-10,80_00_00_00_02_01,0,-10,80_00_00_00_05_01,-10,80_00_00_00_03_01,25,70,15,80_00_00_00_01_01,"2014-07-10 14:13:47"
-1,GATEWAY,15,80_00_00_00_00_01,15,80_00_00_00_00_02,15,80_00_00_00_00_03,20.5,-10,80_00_00_00_02_01,0,-10,80_00_00_00_05_01,-10,80_00_00_00_03_01,25,70,15,80_00_00_00_01_01,"2014-07-10 14:13:52"
-1,GATEWAY,15,80_00_00_00_00_01,15,80_00_00_00_00_02,15,80_00_00_00_00_03,20.5,-10,80_00_00_00_02_01,0,-10,80_00_00_00_05_01,-10,80_00_00_00_03_01,25,70,15,80_00_00_00_01_01,"2014-07-10 14:13:57"
-1,GATEWAY,15,80_00_00_00_00_01,15,80_00_00_00_00_02,15,80_00_00_00_00_03,20.5,-10,80_00_00_00_02_01,0,-10,80_00_00_00_05_01,-10,80_00_00_00_03_01,25,70,15,80_00_00_00_01_01,"2014-07-10 14:14:02"
-1,GATEWAY,15,80_00_00_00_00_01,15,80_00_00_00_00_02,15,80_00_00_00_00_03,20.5,-10,80_00_00_00_02_01,0,-10,80_00_00_00_05_01,-10,80_00_00_00_03_01,25,70,15,80_00_00_00_01_01,"2014-07-10 14:14:07"
-1,GATEWAY,15,80_00_00_00_00_01,15,80_00_00_00_00_02,15,80_00_00_00_00_03,20.5,-10,80_00_00_00_02_01,0,-10,80_00_00_00_05_01,-10,80_00_00_00_03_01,25,70,15,80_00_00_00_01_01,"2014-07-10 14:14:12"
-1,GATEWAY,15,80_00_00_00_00_01,15,80_00_00_00_00_02,15,80_00_00_00_00_03,20.5,-10,80_00_00_00_02_01,0,-10,80_00_00_00_05_01,-10,80_00_00_00_03_01,25,70,15,80_00_00_00_01_01,"2014-07-10 14:14:17"
-1,GATEWAY,15,80_00_00_00_00_01,15,80_00_00_00_00_02,15,80_00_00_00_00_03,20.5,-10,80_00_00_00_02_01,0,-10,80_00_00_00_05_01,-10,80_00_00_00_03_01,25,70,15,80_00_00_00_01_01,"2014-07-10 14:14:22"
-1,GATEWAY,15,80_00_00_00_00_01,15,80_00_00_00_00_02,15,80_00_00_00_00_03,20.5,-10,80_00_00_00_02_01,0,-10,80_00_00_00_05_01,-10,80_00_00_00_03_01,25,70,15,80_00_00_00_01_01,"2014-07-10 14:14:27"
-1,GATEWAY,15,80_00_00_00_00_01,15,80_00_00_00_00_02,15,80_00_00_00_00_03,20.5,-10,80_00_00_00_02_01,0,-10,80_00_00_00_05_01,-10,80_00_00_00_03_01,25,70,15,80_00_00_00_01_01,"2014-07-10 14:14:32"
-1,GATEWAY,15,80_00_00_00_00_01,15,80_00_00_00_00_02,15,80_00_00_00_00_03,20.5,-10,80_00_00_00_02_01,0,-10,80_00_00_00_05_01,-10,80_00_00_00_03_01,25,70,15,80_00_00_00_01_01,"2014-07-10 14:14:37"
-1,GATEWAY,15,80_00_00_00_00_01,15,80_00_00_00_00_02,15,80_00_00_00_00_03,20.5,-10,80_00_00_00_02_01,0,-10,80_00_00_00_05_01,-10,80_00_00_00_03_01,25,70,15,80_00_00_00_01_01,"2014-07-10 14:14:42"
-1,GATEWAY,15,80_00_00_00_00_01,15,80_00_00_00_00_02,15,80_00_00_00_00_03,20.5,-10,80_00_00_00_02_01,0,-10,80_00_00_00_05_01,-10,80_00_00_00_03_01,25,70,15,80_00_00_00_01_01,"2014-07-10 14:14:47"
-1,GATEWAY,15,80_00_00_00_00_01,15,80_00_00_00_00_02,15,80_00_00_00_00_03,20.5,-10,80_00_00_00_02_01,0,-10,80_00_00_00_05_01,-10,80_00_00_00_03_01,25,70,15,80_00_00_00_01_01,"2014-07-10 14:14:52"
-1,GATEWAY,15,80_00_00_00_00_01,15,80_00_00_00_00_02,15,80_00_00_00_00_03,20.5,-10,80_00_00_00_02_01,0,-10,80_00_00_00_05_01,-10,80_00_00_00_03_01,25,70,15,80_00_00_00_01_01,"2014-07-10 14:14:57"
-1,GATEWAY,15,80_00_00_00_00_01,15,80_00_00_00_00_02,15,80_00_00_00_00_03,20.5,-10,80_00_00_00_02_01,0,-10,80_00_00_00_05_01,-10,80_00_00_00_03_01,25,70,15,80_00_00_00_01_01,"2014-07-10 14:15:02"
-1,GATEWAY,15,80_00_00_00_00_01,15,80_00_00_00_00_02,15,80_00_00_00_00_03,20.5,-10,80_00_00_00_02_01,0,-10,80_00_00_00_05_01,-10,80_00_00_00_03_01,25,70,15,80_00_00_00_01_01,"2014-07-10 14:15:07"
-1,GATEWAY,15,80_00_00_00_00_01,15,80_00_00_00_00_02,15,80_00_00_00_00_03,20.5,-10,80_00_00_00_02_01,0,-10,80_00_00_00_05_01,-10,80_00_00_00_03_01,25,70,15,80_00_00_00_01_01,"2014-07-10 14:15:12"
-1,GATEWAY,15,80_00_00_00_00_01,15,80_00_00_00_00_02,15,80_00_00_00_00_03,20.5,-10,80_00_00_00_02_01,0,-10,80_00_00_00_05_01,-10,80_00_00_00_03_01,25,70,15,80_00_00_00_01_01,"2014-07-10 14:15:17"
-1,GATEWAY,15,80_00_00_00_00_01,15,80_00_00_00_00_02,15,80_00_00_00_00_03,20.5,-10,80_00_00_00_02_01,0,-10,80_00_00_00_05_01,-10,80_00_00_00_03_01,25,70,15,80_00_00_00_01_01,"2014-07-10 14:15:22"
-1,GATEWAY,15,80_00_00_00_00_01,15,80_00_00_00_00_02,15,80_00_00_00_00_03,20.5,-10,80_00_00_00_02_01,0,-10,80_00_00_00_05_01,-10,80_00_00_00_03_01,25,70,15,80_00_00_00_01_01,"2014-07-10 14:15:27"
-1,GATEWAY,15,80_00_00_00_00_01,15,80_00_00_00_00_02,15,80_00_00_00_00_03,20.5,-10,80_00_00_00_02_01,0,-10,80_00_00_00_05_01,-10,80_00_00_00_03_01,25,70,15,80_00_00_00_01_01,"2014-07-10 14:15:32"
-1,GATEWAY,15,80_00_00_00_00_01,15,80_00_00_00_00_02,15,80_00_00_00_00_03,20.5,-10,80_00_00_00_02_01,0,-10,80_00_00_00_05_01,-10,80_00_00_00_03_01,25,70,15,80_00_00_00_01_01,"2014-07-10 14:15:37"
-1,GATEWAY,15,80_00_00_00_00_01,15,80_00_00_00_00_02,15,80_00_00_00_00_03,20.5,-10,80_00_00_00_02_01,0,-10,80_00_00_00_05_01,-10,80_00_00_00_03_01,25,70,15,80_00_00_00_01_01,"2014-07-10 14:15:42"
-1,GATEWAY,15,80_00_00_00_00_01,15,80_00_00_00_00_02,15,80_00_00_00_00_03,20.5,-10,80_00_00_00_02_01,0,-10,80_00_00_00_05_01,-10,80_00_00_00_03_01,25,70,15,80_00_00_00_01_01,"2014-07-10 14:15:47"
-1,GATEWAY,15,80_00_00_00_00_01,15,80_00_00_00_00_02,15,80_00_00_00_00_03,20.5,-10,80_00_00_00_02_01,0,-10,80_00_00_00_05_01,-10,80_00_00_00_03_01,25,70,15,80_00_00_00_01_01,"2014-07-10 14:15:52"
-1,GATEWAY,15,80_00_00_00_00_01,15,80_00_00_00_00_02,15,80_00_00_00_00_03,20.5,-10,80_00_00_00_02_01,0,-10,80_00_00_00_05_01,-10,80_00_00_00_03_01,25,70,15,80_00_00_00_01_01,"2014-07-10 14:15:57"
-1,GATEWAY,15,80_00_00_00_00_01,15,80_00_00_00_00_02,15,80_00_00_00_00_03,20.5,-10,80_00_00_00_02_01,0,-10,80_00_00_00_05_01,-10,80_00_00_00_03_01,25,70,15,80_00_00_00_01_01,"2014-07-10 14:16:02"
-1,GATEWAY,15,80_00_00_00_00_01,15,80_00_00_00_00_02,15,80_00_00_00_00_03,20.5,-10,80_00_00_00_02_01,0,-10,80_00_00_00_05_01,-10,80_00_00_00_03_01,25,70,15,80_00_00_00_01_01,"2014-07-10 14:16:07"
-1,GATEWAY,15,80_00_00_00_00_01,15,80_00_00_00_00_02,15,80_00_00_00_00_03,20.5,-10,80_00_00_00_02_01,0,-10,80_00_00_00_05_01,-10,80_00_00_00_03_01,25,70,15,80_00_00_00_01_01,"2014-07-10 14:16:12"
-1,GATEWAY,15,80_00_00_00_00_01,15,80_00_00_00_00_02,15,80_00_00_00_00_03,20.5,-10,80_00_00_00_02_01,0,-10,80_00_00_00_05_01,-10,80_00_00_00_03_01,25,70,15,80_00_00_00_01_01,"2014-07-10 14:16:17"
-1,GATEWAY,15,80_00_00_00_00_01,15,80_00_00_00_00_02,15,80_00_00_00_00_03,20.5,-10,80_00_00_00_02_01,0,-10,80_00_00_00_05_01,-10,80_00_00_00_03_01,25,70,15,80_00_00_00_01_01,"2014-07-10 14:16:22"
-1,GATEWAY,15,80_00_00_00_00_01,15,80_00_00_00_00_02,15,80_00_00_00_00_03,20.5,-10,80_00_00_00_02_01,0,-10,80_00_00_00_05_01,-10,80_00_00_00_03_01,25,70,15,80_00_00_00_01_01,"2014-07-10 14:16:27"
-1,GATEWAY,15,80_00_00_00_00_01,15,80_00_00_00_00_02,15,80_00_00_00_00_03,20.5,-10,80_00_00_00_02_01,0,-10,80_00_00_00_05_01,-10,80_00_00_00_03_01,25,70,15,80_00_00_00_01_01,"2014-07-10 14:16:32"
-1,GATEWAY,15,80_00_00_00_00_01,15,80_00_00_00_00_02,15,80_00_00_00_00_03,20.5,-10,80_00_00_00_02_01,0,-10,80_00_00_00_05_01,-10,80_00_00_00_03_01,25,70,15,80_00_00_00_01_01,"2014-07-10 14:16:37"
-1,GATEWAY,15,80_00_00_00_00_01,15,80_00_00_00_00_02,15,80_00_00_00_00_03,20.5,-10,80_00_00_00_02_01,0,-10,80_00_00_00_05_01,-10,80_00_00_00_03_01,25,70,15,80_00_00_00_01_01,"2014-07-10 14:16:42"
-1,GATEWAY,15,80_00_00_00_00_01,15,80_00_00_00_00_02,15,80_00_00_00_00_03,20.5,-10,80_00_00_00_02_01,0,-10,80_00_00_00_05_01,-10,80_00_00_00_03_01,25,70,15,80_00_00_00_01_01,"2014-07-10 14:16:47"
-1,GATEWAY,15,80_00_00_00_00_01,15,80_00_00_00_00_02,15,80_00_00_00_00_03,20.5,-10,80_00_00_00_02_01,0,-10,80_00_00_00_05_01,-10,80_00_00_00_03_01,25,70,15,80_00_00_00_01_01,"2014-07-10 14:16:52"
-1,GATEWAY,15,80_00_00_00_00_01,15,80_00_00_00_00_02,15,80_00_00_00_00_03,20.5,-10,80_00_00_00_02_01,0,-10,80_00_00_00_05_01,-10,80_00_00_00_03_01,25,70,15,80_00_00_00_01_01,"2014-07-10 14:16:57"
-1,GATEWAY,15,80_00_00_00_00_01,15,80_00_00_00_00_02,15,80_00_00_00_00_03,20.5,-10,80_00_00_00_02_01,0,-10,80_00_00_00_05_01,-10,80_00_00_00_03_01,25,70,15,80_00_00_00_01_01,"2014-07-10 14:17:02"
-1,GATEWAY,15,80_00_00_00_00_01,15,80_00_00_00_00_02,15,80_00_00_00_00_03,20.5,-10,80_00_00_00_02_01,0,-10,80_00_00_00_05_01,-10,80_00_00_00_03_01,25,70,15,80_00_00_00_01_01,"2014-07-10 14:17:07"
-1,GATEWAY,15,80_00_00_00_00_01,15,80_00_00_00_00_02,15,80_00_00_00_00_03,20.5,-10,80_00_00_00_02_01,0,-10,80_00_00_00_05_01,-10,80_00_00_00_03_01,25,70,15,80_00_00_00_01_01,"2014-07-10 14:17:12"
-1,GATEWAY,15,80_00_00_00_00_01,15,80_00_00_00_00_02,15,80_00_00_00_00_03,20.5,-10,80_00_00_00_02_01,0,-10,80_00_00_00_05_01,-10,80_00_00_00_03_01,25,70,15,80_00_00_00_01_01,"2014-07-10 14:17:17"
-1,GATEWAY,15,80_00_00_00_00_01,15,80_00_00_00_00_02,15,80_00_00_00_00_03,20.5,-10,80_00_00_00_02_01,0,-10,80_00_00_00_05_01,-10,80_00_00_00_03_01,25,70,15,80_00_00_00_01_01,"2014-07-10 14:17:22"
-1,GATEWAY,15,80_00_00_00_00_01,15,80_00_00_00_00_02,15,80_00_00_00_00_03,20.5,-10,80_00_00_00_02_01,0,-10,80_00_00_00_05_01,-10,80_00_00_00_03_01,25,70,15,80_00_00_00_01_01,"2014-07-10 14:17:27"
-1,GATEWAY,15,80_00_00_00_00_01,15,80_00_00_00_00_02,15,80_00_00_00_00_03,20.5,-10,80_00_00_00_02_01,0,-10,80_00_00_00_05_01,-10,80_00_00_00_03_01,25,70,15,80_00_00_00_01_01,"2014-07-10 14:17:32"
-1,GATEWAY,15,80_00_00_00_00_01,15,80_00_00_00_00_02,15,80_00_00_00_00_03,20.5,-10,80_00_00_00_02_01,0,-10,80_00_00_00_05_01,-10,80_00_00_00_03_01,25,70,15,80_00_00_00_01_01,"2014-07-10 14:17:37"
-1,GATEWAY,15,80_00_00_00_00_01,15,80_00_00_00_00_02,15,80_00_00_00_00_03,20.5,-10,80_00_00_00_02_01,0,-10,80_00_00_00_05_01,-10,80_00_00_00_03_01,25,70,15,80_00_00_00_01_01,"2014-07-10 14:17:42"
-1,GATEWAY,15,80_00_00_00_00_01,15,80_00_00_00_00_02,15,80_00_00_00_00_03,20.5,-10,80_00_00_00_02_01,0,-10,80_00_00_00_05_01,-10,80_00_00_00_03_01,25,70,15,80_00_00_00_01_01,"2014-07-10 14:17:47"
-1,GATEWAY,15,80_00_00_00_00_01,15,80_00_00_00_00_02,15,80_00_00_00_00_03,20.5,-10,80_00_00_00_02_01,0,-10,80_00_00_00_05_01,-10,80_00_00_00_03_01,25,70,15,80_00_00_00_01_01,"2014-07-10 14:17:52"
-1,GATEWAY,15,80_00_00_00_00_01,15,80_00_00_00_00_02,15,80_00_00_00_00_03,20.5,-10,80_00_00_00_02_01,0,-10,80_00_00_00_05_01,-10,80_00_00_00_03_01,25,70,15,80_00_00_00_01_01,"2014-07-10 14:17:57"
-1,GATEWAY,15,80_00_00_00_00_01,15,80_00_00_00_00_02,15,80_00_00_00_00_03,20.5,-10,80_00_00_00_02_01,0,-10,80_00_00_00_05_01,-10,80_00_00_00_03_01,25,70,15,80_00_00_00_01_01,"2014-07-10 14:18:02"
-1,GATEWAY,15,80_00_00_00_00_01,15,80_00_00_00_00_02,15,80_00_00_00_00_03,20.5,-10,80_00_00_00_02_01,0,-10,80_00_00_00_05_01,-10,80_00_00_00_03_01,25,70,15,80_00_00_00_01_01,"2014-07-10 14:18:07"
-1,GATEWAY,15,80_00_00_00_00_01,15,80_00_00_00_00_02,15,80_00_00_00_00_03,20.5,-10,80_00_00_00_02_01,0,-10,80_00_00_00_05_01,-10,80_00_00_00_03_01,25,70,15,80_00_00_00_01_01,"2014-07-10 14:18:12"
-1,GATEWAY,15,80_00_00_00_00_01,15,80_00_00_00_00_02,15,80_00_00_00_00_03,20.5,-10,80_00_00_00_02_01,0,-10,80_00_00_00_05_01,-10,80_00_00_00_03_01,25,70,15,80_00_00_00_01_01,"2014-07-10 14:18:17"
-1,GATEWAY,15,80_00_00_00_00_01,15,80_00_00_00_00_02,15,80_00_00_00_00_03,20.5,-10,80_00_00_00_02_01,0,-10,80_00_00_00_05_01,-10,80_00_00_00_03_01,25,70,15,80_00_00_00_01_01,"2014-07-10 14:18:22"
-1,GATEWAY,15,80_00_00_00_00_01,15,80_00_00_00_00_02,15,80_00_00_00_00_03,20.5,-10,80_00_00_00_02_01,0,-10,80_00_00_00_05_01,-10,80_00_00_00_03_01,25,70,15,80_00_00_00_01_01,"2014-07-10 14:18:27"
-1,GATEWAY,15,80_00_00_00_00_01,15,80_00_00_00_00_02,15,80_00_00_00_00_03,20.5,-10,80_00_00_00_02_01,0,-10,80_00_00_00_05_01,-10,80_00_00_00_03_01,25,70,15,80_00_00_00_01_01,"2014-07-10 14:18:32"
-1,GATEWAY,15,80_00_00_00_00_01,15,80_00_00_00_00_02,15,80_00_00_00_00_03,20.5,-10,80_00_00_00_02_01,0,-10,80_00_00_00_05_01,-10,80_00_00_00_03_01,25,70,15,80_00_00_00_01_01,"2014-07-10 14:18:37"
-1,GATEWAY,15,80_00_00_00_00_01,15,80_00_00_00_00_02,15,80_00_00_00_00_03,20.5,-10,80_00_00_00_02_01,0,-10,80_00_00_00_05_01,-10,80_00_00_00_03_01,25,70,15,80_00_00_00_01_01,"2014-07-10 14:18:42"
-1,GATEWAY,15,80_00_00_00_00_01,15,80_00_00_00_00_02,15,80_00_00_00_00_03,20.5,-10,80_00_00_00_02_01,0,-10,80_00_00_00_05_01,-10,80_00_00_00_03_01,25,70,15,80_00_00_00_01_01,"2014-07-10 14:18:47"
-1,GATEWAY,15,80_00_00_00_00_01,15,80_00_00_00_00_02,15,80_00_00_00_00_03,20.5,-10,80_00_00_00_02_01,0,-10,80_00_00_00_05_01,-10,80_00_00_00_03_01,25,70,15,80_00_00_00_01_01,"2014-07-10 14:18:52"
-1,GATEWAY,15,80_00_00_00_00_01,15,80_00_00_00_00_02,15,80_00_00_00_00_03,20.5,-10,80_00_00_00_02_01,0,-10,80_00_00_00_05_01,-10,80_00_00_00_03_01,25,70,15,80_00_00_00_01_01,"2014-07-10 14:18:57"
-1,GATEWAY,15,80_00_00_00_00_01,15,80_00_00_00_00_02,15,80_00_00_00_00_03,20.5,-10,80_00_00_00_02_01,0,-10,80_00_00_00_05_01,-10,80_00_00_00_03_01,25,70,15,80_00_00_00_01_01,"2014-07-10 14:19:02"
-1,GATEWAY,15,80_00_00_00_00_01,15,80_00_00_00_00_02,15,80_00_00_00_00_03,20.5,-10,80_00_00_00_02_01,0,-10,80_00_00_00_05_01,-10,80_00_00_00_03_01,25,70,15,80_00_00_00_01_01,"2014-07-10 14:19:07"
-1,GATEWAY,15,80_00_00_00_00_01,15,80_00_00_00_00_02,15,80_00_00_00_00_03,20.5,-10,80_00_00_00_02_01,0,-10,80_00_00_00_05_01,-10,80_00_00_00_03_01,25,70,15,80_00_00_00_01_01,"2014-07-10 14:19:12"
-1,GATEWAY,15,80_00_00_00_00_01,15,80_00_00_00_00_02,15,80_00_00_00_00_03,20.5,-10,80_00_00_00_02_01,0,-10,80_00_00_00_05_01,-10,80_00_00_00_03_01,25,70,15,80_00_00_00_01_01,"2014-07-10 14:19:17"
