temperatureInfrastructureSensor1,temperatureInfrastructureSensor2,temperatureInfrastructureSensor3,externalTemperature,temperatureParcel,humidityInfrastructureSensor,currentClampValue,hvacStateOn,hvacStateValue,time
25.00168871,25.00338689,25.00168426,35,NULL,30.5,0,0,10,1
25.003354,25.00692344,25.00346557,35,NULL,30.5,0,0,10,2
25.00767694,25.01146594,25.00576609,35,NULL,30.5,0,0,10,3
25.01390255,25.01683329,25.00849701,35,NULL,30.5,0,0,10,4
25.02136799,25.02287449,25.01170842,35,NULL,30.5,0,0,10,5
25.02966562,25.02946899,25.01543802,35,NULL,30.5,0,0,10,6
25.03854714,25.0365216,25.01968283,35,NULL,30.5,0,0,10,7
25.04785437,25.0439569,25.02441207,35,NULL,30.5,0,0,10,8
25.05748142,25.0517147,25.0295823,35,NULL,30.5,0,0,10,9
25.06735433,25.05974642,25.03514707,35,NULL,30.5,0,0,10,10
25.07741954,25.06801251,25.04106187,35,NULL,30.5,0,0,10,11
25.08763711,25.07648037,25.04728621,35,NULL,30.5,0,0,10,12
25.09797655,25.0851229,25.05378418,35,NULL,30.5,0,0,10,13
25.10841409,25.09391737,25.0605244,35,NULL,30.5,0,0,10,14
25.11893088,25.10284456,25.06747958,35,NULL,30.5,0,0,10,15
25.12951174,25.11188806,25.07462603,35,NULL,30.5,0,0,10,16
25.14014431,25.12103382,25.08194317,35,NULL,30.5,0,0,10,17
25.15081838,25.13026966,25.08941309,35,NULL,30.5,0,0,10,18
25.16152546,25.13958501,25.09702016,35,NULL,30.5,0,0,10,19
25.17225842,25.14897065,25.10475065,35,NULL,30.5,0,0,10,20
25.1830112,25.15841846,25.11259252,35,NULL,30.5,0,0,10,21
25.19377865,25.16792127,25.12053511,35,NULL,30.5,0,0,10,22
25.20455636,25.17747275,25.12856899,35,NULL,30.5,0,0,10,23
25.21534051,25.18706725,25.13668575,35,NULL,30.5,0,0,10,24
25.22612777,25.19669972,25.1448779,35,NULL,30.5,0,0,10,25
25.23691527,25.20636565,25.15313872,35,NULL,30.5,0,0,10,26
25.24770048,25.21606096,25.16146215,35,NULL,30.5,0,0,10,27
25.25848116,25.225782,25.16984275,35,NULL,30.5,0,0,10,28
25.26925537,25.23552544,25.17827559,35,NULL,30.5,0,0,10,29
25.28002137,25.24528827,25.18675618,35,NULL,30.5,0,0,10,30
25.29077761,25.25506776,25.19528045,35,NULL,30.5,0,0,10,31
25.30152273,25.26486141,25.20384467,35,NULL,30.5,0,0,10,32
25.3122555,25.27466693,25.21244546,35,NULL,30.5,0,0,10,33
25.32297482,25.28448224,25.22107968,35,NULL,30.5,0,0,10,34
25.33367973,25.29430543,25.22974446,35,NULL,30.5,0,0,10,35
25.34436932,25.30413472,25.23843717,35,NULL,30.5,0,0,10,36
25.35504282,25.3139685,25.24715537,35,NULL,30.5,0,0,10,37
25.36569951,25.32380527,25.25589679,35,NULL,30.5,0,0,10,38
25.37633875,25.33364364,25.26465935,35,NULL,30.5,0,0,10,39
25.38695995,25.34348234,25.27344111,35,NULL,30.5,0,0,10,40
25.39756259,25.35332017,25.28224026,35,NULL,30.5,0,0,10,41
25.4081462,25.36315603,25.29105512,35,NULL,30.5,0,0,10,42
25.41871035,25.3729889,25.29988412,35,NULL,30.5,0,0,10,43
25.42925464,25.38281783,25.30872581,35,NULL,30.5,0,0,10,44
25.43977872,25.39264193,25.3175788,35,NULL,30.5,0,0,10,45
25.45028228,25.40246037,25.32644181,35,NULL,30.5,0,0,10,46
25.46076502,25.41227237,25.33531364,35,NULL,30.5,0,0,10,47
25.47122669,25.42207722,25.34419316,35,NULL,30.5,0,0,10,48
25.48166704,25.43187424,25.3530793,35,NULL,30.5,0,0,10,49
25.49208586,25.4416628,25.36197107,35,NULL,30.5,0,0,10,50
25.50248296,25.45144231,25.37086752,35,NULL,30.5,0,0,10,51
25.61537793,25.55828224,23.65075348,35,10.5229522,30.5,0,0,10,52
25.62550475,25.56791809,23.48433091,35,10.58615188,30.50007746,0,0,10,53
25.63560859,25.57753978,23.33273831,35,10.64698864,30.50015487,0,0,10,54
25.64568941,25.58714705,23.19520781,35,10.70530956,30.50023222,0,0,10,55
25.65574719,25.59673967,23.07085042,35,10.76112586,30.50030952,0,0,10,56
25.66578191,25.6063174,22.95872645,35,10.81454973,30.50038679,0,0,10,57
25.67579355,25.61588004,22.85789012,35,10.86575066,30.50046403,0,0,10,58
25.6857821,25.62542738,22.76741775,35,10.91492585,30.50054125,0,0,10,59
25.69574755,25.63495924,22.68642525,35,10.96228072,30.50061846,0,0,10,60
25.7056899,25.64447544,22.61407825,35,11.00801649,30.50069565,0,0,10,61
25.71560916,25.65397582,22.54959746,35,11.05232273,30.50077283,0,0,10,62
25.72550534,25.66346021,22.49226068,35,11.09537325,30.50085002,0,0,10,63
25.73537842,25.67292846,22.44140255,35,11.1373244,30.5009272,0,0,10,64
25.74522844,25.68238044,22.39641295,35,11.17831479,30.5010044,0,0,10,65
25.75505541,25.691816,22.35673446,35,11.2184659,30.5010816,0,0,10,66
25.76485934,25.70123503,22.3218592,35,11.2578833,30.50115882,0,0,10,67
25.77464025,25.71063741,22.29132555,35,11.29665806,30.50123605,0,0,10,68
25.78439817,25.72002302,22.26471467,35,11.33486829,30.5013133,0,0,10,69
25.79413312,25.72939176,22.24164706,35,11.37258061,30.50139058,0,0,10,70
25.80384513,25.73874353,22.22177929,35,11.40985164,30.50146787,0,0,10,71
25.81353422,25.74807825,22.20480083,35,11.44672928,30.5015452,0,0,10,72
25.82320044,25.75739581,22.19043107,35,11.48325392,30.50162254,0,0,10,73
25.8328438,25.76669614,22.17841661,35,11.51945946,30.50169992,0,0,10,74
25.84246435,25.77597916,22.16852863,35,11.55537431,30.50177733,0,0,10,75
25.85206212,25.7852448,22.16056066,35,11.59102216,30.50185477,0,0,10,76
25.86163714,25.79449299,22.15432631,35,11.62642271,30.50193224,0,0,10,77
25.87118946,25.80372367,22.14965741,35,11.66159227,30.50200974,0,0,10,78
25.88071912,25.81293678,22.14640218,35,11.69654433,30.50208728,0,0,10,79
25.89022615,25.82213227,22.14442366,35,11.73128995,30.50216486,0,0,10,80
25.8997106,25.83131007,22.14359819,35,11.76583822,30.50224247,0,0,10,81
25.90917251,25.84047015,22.14381416,35,11.80019655,30.50232012,0,0,10,82
25.91861192,25.84961246,22.14497076,35,11.83437096,30.5023978,0,0,10,83
25.92802887,25.85873696,22.14697696,35,11.86836632,30.50247552,0,0,10,84
25.93742343,25.86784361,22.14975051,35,11.90218658,30.50255328,0,0,10,85
25.94679562,25.87693237,22.15321708,35,11.93583491,30.50263108,0,0,10,86
25.95614549,25.88600322,22.15730946,35,11.96931386,30.50270892,0,0,10,87
25.9654731,25.89505611,22.16196689,35,12.00262546,30.5027868,0,0,10,88
25.97477849,25.90409104,22.1671344,35,12.03577139,30.50286472,0,0,10,89
25.98406171,25.91310797,22.17276227,35,12.06875296,30.50294268,0,0,10,90
25.9933228,25.92210687,22.17880546,35,12.10157128,30.50302067,0,0,10,91
26.00256183,25.93108774,22.18522321,35,12.13422727,30.50309871,0,0,10,92
26.01177883,25.94005054,22.19197861,35,12.16672169,30.50317679,0,0,10,93
26.02097386,25.94899528,22.1990382,35,12.19905524,30.50325491,0,0,10,94
26.03014697,25.95792192,22.20637166,35,12.23122855,30.50333307,0,0,10,95
26.0392982,25.96683047,22.2139515,35,12.2632422,30.50341126,0,0,10,96
26.04842762,25.97572091,22.22175281,35,12.29509677,30.5034895,0,0,10,97
26.05753528,25.98459323,22.22975298,35,12.32679282,30.50356778,0,0,10,98
26.06662122,25.99344744,22.2379315,35,12.35833096,30.50364611,0,0,10,99
26.07568549,26.00228351,22.24626974,35,12.3897118,30.50372447,0,0,10,100
26.08472816,26.01110145,22.25475083,35,12.42093598,30.50380287,0,0,10,101
26.09374927,26.01990126,22.26335942,35,12.45200418,30.50388131,0,0,10,102
26.10274888,26.02868294,22.27208158,35,12.48291712,30.50395979,0,0,10,103
26.11172703,26.03744649,22.28090468,35,12.51367558,30.50403832,0,0,10,104
26.12068379,26.04619191,22.28981721,35,12.54428035,30.50411688,0,0,10,105
26.1296192,26.05491921,22.29880876,35,12.57473229,30.50419549,0,0,10,106
26.13853332,26.06362838,22.30786984,35,12.60503228,30.50427413,0,0,10,107
26.14742621,26.07231945,22.31699185,35,12.63518126,30.50435281,0,0,10,108
26.15629791,26.0809924,22.32616696,35,12.6651802,30.50443154,0,0,10,109
26.16514848,26.08964726,22.33538808,35,12.69503011,30.5045103,0,0,10,110
26.17397798,26.09828404,22.34464875,35,12.72473203,30.50458911,0,0,10,111
26.18278645,26.10690273,22.35394311,35,12.75428703,30.50466795,0,0,10,112
26.19157396,26.11550336,22.36326585,35,12.78369622,30.50474683,0,0,10,113
26.20034055,26.12408594,22.37261213,35,12.81296074,30.50482576,0,0,10,114
26.20908629,26.13265047,22.38197757,35,12.84208174,30.50490472,0,0,10,115
26.21781122,26.14119698,22.39135819,35,12.8710604,30.50498372,0,0,10,116
26.2265154,26.14972548,22.40075038,35,12.89989792,30.50506276,0,0,10,117
26.23519888,26.15823598,22.41015088,35,12.92859552,30.50514184,0,0,10,118
26.24386172,26.1667285,22.41955671,35,12.95715443,30.50522096,0,0,10,119
26.25250397,26.17520307,22.42896519,35,12.98557589,30.50530012,0,0,10,120
26.26112568,26.18365968,22.43837389,35,13.01386117,30.50537931,0,0,10,121
26.26972692,26.19209838,22.4477806,35,13.04201152,30.50545855,0,0,10,122
26.27830773,26.20051917,22.45718335,35,13.07002823,30.50553782,0,0,10,123
26.28686816,26.20892207,22.46658032,35,13.09791255,30.50561713,0,0,10,124
26.29540828,26.2173071,22.47596991,35,13.12566579,30.50569648,0,0,10,125
26.30392813,26.2256743,22.48535064,35,13.15328922,30.50577587,0,0,10,126
26.31242777,26.23402367,22.4947212,35,13.18078412,30.50585529,0,0,10,127
26.32090726,26.24235524,22.50408042,35,13.20815178,30.50593476,0,0,10,128
26.32936664,26.25066903,22.51342721,35,13.23539348,30.50601426,0,0,10,129
26.33780597,26.25896507,22.52276064,35,13.26251049,30.50609379,0,0,10,130
26.3462253,26.26724338,22.53207985,35,13.28950409,30.50617337,0,0,10,131
26.3546247,26.27550398,22.54138407,35,13.31637554,30.50625298,0,0,10,132
26.3630042,26.2837469,22.55067264,35,13.34312611,30.50633263,0,0,10,133
26.37136386,26.29197216,22.55994494,35,13.36975706,30.50641232,0,0,10,134
26.37970375,26.30017979,22.56920044,35,13.39626962,30.50649204,0,0,10,135
26.3880239,26.30836982,22.57843867,35,13.42266504,30.50657181,0,0,10,136
26.39632438,26.31654227,22.58765922,35,13.44894455,30.5066516,0,0,10,137
26.40460523,26.32469716,22.59686173,35,13.47510936,30.50673144,0,0,10,138
26.41286651,26.33283453,22.60604587,35,13.50116068,30.50681131,0,0,10,139
26.42110827,26.3409544,22.61521138,35,13.52709972,30.50689121,0,0,10,140
26.42933057,26.3490568,22.62435802,35,13.55292766,30.50697116,0,0,10,141
26.43753345,26.35714176,22.63348559,35,13.57864567,30.50705114,0,0,10,142
26.44571698,26.3652093,22.64259393,35,13.60425492,30.50713115,0,0,10,143
26.45388119,26.37325946,22.6516829,35,13.62975657,30.5072112,0,0,10,144
26.46202615,26.38129226,22.66075238,35,13.65515174,30.50729129,0,0,10,145
26.4701519,26.38930774,22.66980229,35,13.68044158,30.50737141,0,0,10,146
26.4782585,26.39730591,22.67883256,35,13.70562719,30.50745157,0,0,10,147
26.486346,26.40528682,22.68784315,35,13.73070967,30.50753176,0,0,10,148
26.49441445,26.41325049,22.69683401,35,13.75569012,30.50761199,0,0,10,149
26.5024639,26.42119695,22.70580515,35,13.7805696,30.50769225,0,0,10,150
26.51049441,26.42912623,22.71475655,35,13.80534919,30.50777255,0,0,10,151
26.51850602,26.43703836,22.72368823,35,13.83002993,30.50785289,0,0,10,152
26.52649879,26.44493337,22.73260021,35,13.85461286,30.50793326,0,0,10,153
26.53447277,26.4528113,22.74149252,35,13.879099,30.50801366,0,0,10,154
26.542428,26.46067218,22.75036522,35,13.90348936,30.5080941,0,0,10,155
26.55036455,26.46851603,22.75921834,35,13.92778494,30.50817457,0,0,10,156
26.55828245,26.47634288,22.76805194,35,13.95198672,30.50825508,0,0,10,157
26.56618177,26.48415278,22.77686609,35,13.97609567,30.50833562,0,0,10,158
26.57406254,26.49194575,22.78566086,35,14.00011275,30.50841619,0,0,10,159
26.58192483,26.49972182,22.79443632,35,14.0240389,30.5084968,0,0,10,160
26.58976868,26.50748102,22.80319254,35,14.04787505,30.50857744,0,0,10,161
26.59759414,26.51522339,22.81192962,35,14.07162213,30.50865812,0,0,10,162
26.60540126,26.52294897,22.82064762,35,14.09528103,30.50873883,0,0,10,163
26.61319009,26.53065777,22.82934665,35,14.11885266,30.50881958,0,0,10,164
26.62096068,26.53834984,22.83802679,35,14.14233789,30.50890035,0,0,10,165
26.62871309,26.5460252,22.84668814,35,14.16573759,30.50898116,0,0,10,166
26.63644735,26.5536839,22.85533077,35,14.18905261,30.50906201,0,0,10,167
26.64416352,26.56132596,22.8639548,35,14.2122838,30.50914289,0,0,10,168
26.65186165,26.56895141,22.8725603,35,14.23543199,30.5092238,0,0,10,169
26.65954178,26.57656029,22.88114739,35,14.25849801,30.50930474,0,0,10,170
26.66720398,26.58415264,22.88971615,35,14.28148265,30.50938572,0,0,10,171
26.67484827,26.59172848,22.89826669,35,14.30438672,30.50946673,0,0,10,172
26.68247472,26.59928785,22.90679909,35,14.32721099,30.50954777,0,0,10,173
26.69008337,26.60683079,22.91531346,35,14.34995625,30.50962885,0,0,10,174
26.69767427,26.61435732,22.92380989,35,14.37262325,30.50970996,0,0,10,175
26.70524747,26.62186748,22.93228847,35,14.39521275,30.5097911,0,0,10,176
26.71280301,26.6293613,22.94074931,35,14.41772548,30.50987227,0,0,10,177
26.72034095,26.63683882,22.94919249,35,14.44016218,30.50995348,0,0,10,178
26.72786132,26.64430007,22.95761811,35,14.46252356,30.51003471,0,0,10,179
26.73536419,26.65174508,22.96602627,35,14.48481034,30.51011598,0,0,10,180
26.74284959,26.6591739,22.97441706,35,14.5070232,30.51019729,0,0,10,181
26.75031758,26.66658654,22.98279056,35,14.52916284,30.51027862,0,0,10,182
26.7577682,26.67398305,22.99114688,35,14.55122993,30.51035998,0,0,10,183
26.76520149,26.68136347,22.99948609,35,14.57322514,30.51044138,0,0,10,184
26.77261751,26.68872781,23.00780829,35,14.59514914,30.51052281,0,0,10,185
26.78001631,26.69607613,23.01611357,35,14.61700256,30.51060427,0,0,10,186
26.78739792,26.70340845,23.02440202,35,14.63878604,30.51068576,0,0,10,187
26.79476239,26.7107248,23.03267371,35,14.66050022,30.51076729,0,0,10,188
26.80210978,26.71802523,23.04092874,35,14.68214571,30.51084884,0,0,10,189
26.80944013,26.72530976,23.04916719,35,14.70372313,30.51093043,0,0,10,190
26.81675347,26.73257843,23.05738914,35,14.72523308,30.51101205,0,0,10,191
26.82404987,26.73983128,23.06559467,35,14.74667614,30.5110937,0,0,10,192
26.83132937,26.74706833,23.07378387,35,14.76805291,30.51117538,0,0,10,193
26.838592,26.75428963,23.08195681,35,14.78936396,30.51125709,0,0,10,194
26.84583782,26.7614952,23.09011358,35,14.81060986,30.51133883,0,0,10,195
26.85306688,26.76868508,23.09825425,35,14.83179117,30.5114206,0,0,10,196
26.86027921,26.77585931,23.10637889,35,14.85290844,30.5115024,0,0,10,197
26.86747486,26.78301792,23.11448758,35,14.87396221,30.51158424,0,0,10,198
26.87465388,26.79016094,23.12258041,35,14.89495301,30.5116661,0,0,10,199
26.88181632,26.79728841,23.13065743,35,14.91588139,30.51174799,0,0,10,200
26.88896221,26.80440036,23.13871873,35,14.93674784,30.51182992,0,0,10,201
26.89609161,26.81149683,23.14676437,35,14.9575529,30.51191187,0,0,10,202
26.90320455,26.81857785,23.15479443,35,14.97829705,30.51199386,0,0,10,203
26.91030108,26.82564345,23.16280897,35,14.99898081,30.51207588,0,0,10,204
26.91738125,26.83269368,23.17080807,35,15.01960466,30.51215792,0,0,10,205
26.9244451,26.83972856,23.17879179,35,15.04016908,30.51224,0,0,10,206
26.93149268,26.84674812,23.1867602,35,15.06067456,30.5123221,0,0,10,207
26.93852402,26.85375241,23.19471336,35,15.08112156,30.51240424,0,0,10,208
26.94553917,26.86074146,23.20265135,35,15.10151054,30.5124864,0,0,10,209
26.95253818,26.8677153,23.21057422,35,15.12184197,30.5125686,0,0,10,210
26.95952108,26.87467396,23.21848204,35,15.14211628,30.51265082,0,0,10,211
26.96648793,26.88161748,23.22637487,35,15.16233394,30.51273308,0,0,10,212
26.97343876,26.88854589,23.23425277,35,15.18249537,30.51281536,0,0,10,213
26.98037362,26.89545924,23.24211581,35,15.20260101,30.51289767,0,0,10,214
26.98729256,26.90235754,23.24996404,35,15.22265128,30.51298001,0,0,10,215
26.9941956,26.90924084,23.25779753,35,15.2426466,30.51306238,0,0,10,216
27.00108281,26.91610917,23.26561633,35,15.26258739,30.51314479,0,0,10,217
27.00795421,26.92296257,23.2734205,35,15.28247405,30.51322721,0,0,10,218
27.01480986,26.92980106,23.28121011,35,15.30230699,30.51330967,0,0,10,219
27.02164979,26.93662468,23.2889852,35,15.32208661,30.51339216,0,0,10,220
27.02847405,26.94343347,23.29674583,35,15.34181329,30.51347468,0,0,10,221
27.03528268,26.95022747,23.30449207,35,15.36148742,30.51355722,0,0,10,222
27.04207572,26.95700669,23.31222395,35,15.38110938,30.5136398,0,0,10,223
27.04885321,26.96377118,23.31994155,35,15.40067956,30.5137224,0,0,10,224
27.0556152,26.97052098,23.32764491,35,15.42019831,30.51380503,0,0,10,225
27.06236172,26.97725611,23.33533408,35,15.43966601,30.51388769,0,0,10,226
27.06909282,26.98397661,23.34300912,35,15.45908302,30.51397038,0,0,10,227
27.07580854,26.99068251,23.35067009,35,15.47844969,30.5140531,0,0,10,228
27.08250893,26.99737385,23.35831702,35,15.49776637,30.51413584,0,0,10,229
27.08919401,27.00405067,23.36594998,35,15.51703341,30.51421861,0,0,10,230
27.09586384,27.01071298,23.37356901,35,15.53625115,30.51430142,0,0,10,231
27.10251845,27.01736083,23.38117417,35,15.55541994,30.51438424,0,0,10,232
27.10915788,27.02399426,23.3887655,35,15.5745401,30.5144671,0,0,10,233
27.11578218,27.03061329,23.39634305,35,15.59361195,30.51454999,0,0,10,234
27.12239139,27.03721796,23.40390687,35,15.61263584,30.5146329,0,0,10,235
27.12898554,27.0438083,23.41145702,35,15.63161207,30.51471584,0,0,10,236
27.13556469,27.05038434,23.41899353,35,15.65054096,30.51479881,0,0,10,237
27.14212885,27.05694613,23.42651645,35,15.66942283,30.51488181,0,0,10,238
27.14867809,27.06349369,23.43402584,35,15.68825798,30.51496483,0,0,10,239
27.15521243,27.07002705,23.44152173,35,15.70704671,30.51504789,0,0,10,240
27.16173192,27.07654625,23.44900418,35,15.72578934,30.51513097,0,0,10,241
27.1682366,27.08305132,23.45647322,35,15.74448614,30.51521407,0,0,10,242
27.1747265,27.0895423,23.46392892,35,15.76313742,30.51529721,0,0,10,243
27.18120167,27.09601922,23.4713713,35,15.78174346,30.51538037,0,0,10,244
27.18766215,27.1024821,23.47880041,35,15.80030455,30.51546356,0,0,10,245
27.19410797,27.10893099,23.4862163,35,15.81882098,30.51554678,0,0,10,246
27.20053917,27.11536592,23.49361902,35,15.83729301,30.51563002,0,0,10,247
27.2069558,27.12178692,23.5010086,35,15.85572093,30.51571329,0,0,10,248
27.21335789,27.12819402,23.50838509,35,15.874105,30.51579659,0,0,10,249
27.21974548,27.13458726,23.51574852,35,15.89244549,30.51587992,0,0,10,250
27.22611862,27.14096667,23.52309896,35,15.91074267,30.51596327,0,0,10,251
27.23247733,27.14733227,23.53043643,35,15.92899681,30.51604665,0,0,10,252
27.23882165,27.15368411,23.53776097,35,15.94720815,30.51613005,0,0,10,253
27.24515164,27.16002222,23.54507263,35,15.96537695,30.51621348,0,0,10,254
27.25146731,27.16634663,23.55237146,35,15.98350346,30.51629694,0,0,10,255
27.25776872,27.17265737,23.55965748,35,16.00158795,30.51638043,0,0,10,256
27.2640559,27.17895447,23.56693075,35,16.01963064,30.51646394,0,0,10,257
27.27032889,27.18523797,23.57419129,35,16.03763178,30.51654748,0,0,10,258
27.27658772,27.1915079,23.58143916,35,16.05559162,30.51663105,0,0,10,259
27.28283244,27.19776429,23.58867439,35,16.07351039,30.51671464,0,0,10,260
27.28906308,27.20400717,23.59589702,35,16.09138833,30.51679826,0,0,10,261
27.29527967,27.21023658,23.60310709,35,16.10922566,30.5168819,0,0,10,262
27.30148227,27.21645255,23.61030464,35,16.12702262,30.51696557,0,0,10,263
27.3076709,27.2226551,23.6174897,35,16.14477944,30.51704927,0,0,10,264
27.3138456,27.22884428,23.62466233,35,16.16249633,30.51713299,0,0,10,265
27.3200064,27.23502011,23.63182254,35,16.18017352,30.51721674,0,0,10,266
27.32615336,27.24118263,23.63897039,35,16.19781123,30.51730051,0,0,10,267
27.33228649,27.24733187,23.6461059,35,16.21540968,30.51738431,0,0,10,268
27.33840585,27.25346786,23.65322913,35,16.23296907,30.51746814,0,0,10,269
27.34451146,27.25959062,23.66034009,35,16.25048962,30.51755199,0,0,10,270
27.35060336,27.26570021,23.66743884,35,16.26797155,30.51763587,0,0,10,271
27.35668159,27.27179663,23.67452541,35,16.28541505,30.51771977,0,0,10,272
27.36274619,27.27787993,23.68159983,35,16.30282033,30.5178037,0,0,10,273
27.36879719,27.28395015,23.68866214,35,16.3201876,30.51788766,0,0,10,274
27.37483462,27.2900073,23.69571237,35,16.33751704,30.51797164,0,0,10,275
27.38085853,27.29605142,23.70275057,35,16.35480887,30.51805565,0,0,10,276
27.38686895,27.30208254,23.70977677,35,16.37206328,30.51813968,0,0,10,277
27.39286592,27.3081007,23.716791,35,16.38928046,30.51822373,0,0,10,278
27.39884947,27.31410592,23.7237933,35,16.4064606,30.51830782,0,0,10,279
27.40481963,27.32009824,23.7307837,35,16.42360389,30.51839192,0,0,10,280
27.41077645,27.32607768,23.73776225,35,16.44071053,30.51847606,0,0,10,281
27.41671996,27.33204429,23.74472896,35,16.45778068,30.51856021,0,0,10,282
27.42265019,27.33799808,23.75168389,35,16.47481455,30.5186444,0,0,10,283
27.42856718,27.34393909,23.75862705,35,16.49181231,30.5187286,0,0,10,284
27.43447096,27.34986736,23.7655585,35,16.50877413,30.51881284,0,0,10,285
27.44036157,27.35578291,23.77247825,35,16.52570021,30.5188971,0,0,10,286
27.44623905,27.36168577,23.77938635,35,16.5425907,30.51898138,0,0,10,287
27.45210343,27.36757597,23.78628282,35,16.5594458,30.51906569,0,0,10,288
27.45795474,27.37345355,23.79316771,35,16.57626567,30.51915002,0,0,10,289
27.46379302,27.37931854,23.80004104,35,16.59305047,30.51923438,0,0,10,290
27.4696183,27.38517096,23.80690285,35,16.60980039,30.51931876,0,0,10,291
27.47543062,27.39101084,23.81375316,35,16.62651558,30.51940316,0,0,10,292
27.48123002,27.39683822,23.82059203,35,16.64319622,30.5194876,0,0,10,293
27.48701652,27.40265313,23.82741946,35,16.65984246,30.51957205,0,0,10,294
27.49279016,27.4084556,23.83423551,35,16.67645447,30.51965653,0,0,10,295
27.49855098,27.41424565,23.84104019,35,16.69303241,30.51974104,0,0,10,296
27.504299,27.42002333,23.84783355,35,16.70957644,30.51982556,0,0,10,297
27.51003427,27.42578865,23.85461561,35,16.72608671,30.51991012,0,0,10,298
27.51575682,27.43154165,23.8613864,35,16.74256339,30.5199947,0,0,10,299
27.52146667,27.43728235,23.86814597,35,16.75900662,30.5200793,0,0,10,300
27.52716387,27.4430108,23.87489433,35,16.77541656,30.52016392,0,0,10,301
27.53284845,27.44872701,23.88163152,35,16.79179336,30.52024857,0,0,10,302
27.53852044,27.45443102,23.88835758,35,16.80813716,30.52033325,0,0,10,303
27.54417988,27.46012286,23.89507252,35,16.82444813,30.52041794,0,0,10,304
27.54982679,27.46580256,23.90177639,35,16.8407264,30.52050267,0,0,10,305
27.55546121,27.47147014,23.90846921,35,16.85697213,30.52058741,0,0,10,306
27.56108318,27.47712564,23.91515102,35,16.87318545,30.52067218,0,0,10,307
27.56669272,27.48276908,23.92182184,35,16.88936651,30.52075698,0,0,10,308
27.57228988,27.48840051,23.92848171,35,16.90551545,30.52084179,0,0,10,309
27.57787468,27.49401993,23.93513065,35,16.92163241,30.52092664,0,0,10,310
27.58344715,27.49962739,23.9417687,35,16.93771753,30.5210115,0,0,10,311
27.58900733,27.50522292,23.94839588,35,16.95377095,30.52109639,0,0,10,312
27.59455526,27.51080654,23.95501223,35,16.9697928,30.5211813,0,0,10,313
27.60009095,27.51637828,23.96161777,35,16.98578322,30.52126624,0,0,10,314
27.60561446,27.52193817,23.96821253,35,17.00174234,30.5213512,0,0,10,315
27.6111258,27.52748625,23.97479655,35,17.0176703,30.52143618,0,0,10,316
27.61662501,27.53302253,23.98136985,35,17.03356723,30.52152118,0,0,10,317
27.62211212,27.53854705,23.98793246,35,17.04943326,30.52160621,0,0,10,318
27.62758717,27.54405984,23.99448441,35,17.06526852,30.52169127,0,0,10,319
27.63305018,27.54956092,24.00102573,35,17.08107313,30.52177634,0,0,10,320
27.63850119,27.55505033,24.00755645,35,17.09684722,30.52186144,0,0,10,321
27.64394024,27.56052809,24.0140766,35,17.11259092,30.52194656,0,0,10,322
27.64936734,27.56599424,24.0205862,35,17.12830436,30.52203171,0,0,10,323
27.65478254,27.5714488,24.02708528,35,17.14398766,30.52211688,0,0,10,324
27.66018586,27.57689179,24.03357387,35,17.15964093,30.52220207,0,0,10,325
27.66557733,27.58232326,24.04005201,35,17.17526431,30.52228728,0,0,10,326
27.670957,27.58774322,24.04651971,35,17.19085791,30.52237252,0,0,10,327
27.67632488,27.5931517,24.052977,35,17.20642185,30.52245778,0,0,10,328
27.68168101,27.59854874,24.05942392,35,17.22195625,30.52254306,0,0,10,329
27.68702543,27.60393436,24.06586049,35,17.23746124,30.52262837,0,0,10,330
27.69235815,27.60930858,24.07228673,35,17.25293691,30.5227137,0,0,10,331
27.69767922,27.61467145,24.07870268,35,17.2683834,30.52279905,0,0,10,332
27.70298866,27.62002298,24.08510837,35,17.28380081,30.52288442,0,0,10,333
27.70828651,27.6253632,24.09150381,35,17.29918926,30.52296982,0,0,10,334
27.71357279,27.63069215,24.09788904,35,17.31454887,30.52305524,0,0,10,335
27.71884753,27.63600984,24.10426408,35,17.32987974,30.52314068,0,0,10,336
27.72411077,27.64131631,24.11062897,35,17.34518198,30.52322614,0,0,10,337
27.72936254,27.64661159,24.11698372,35,17.36045571,30.52331163,0,0,10,338
27.73460286,27.6518957,24.12332836,35,17.37570103,30.52339714,0,0,10,339
27.73983178,27.65716867,24.12966293,35,17.39091805,30.52348267,0,0,10,340
27.7450493,27.66243052,24.13598744,35,17.40610689,30.52356822,0,0,10,341
27.75025548,27.66768129,24.14230192,35,17.42126764,30.5236538,0,0,10,342
27.75545033,27.67292101,24.1486064,35,17.43640041,30.5237394,0,0,10,343
27.76063389,27.67814969,24.15490091,35,17.45150531,30.52382502,0,0,10,344
27.76580618,27.68336737,24.16118546,35,17.46658244,30.52391066,0,0,10,345
27.77096724,27.68857407,24.1674601,35,17.48163191,30.52399632,0,0,10,346
27.7761171,27.69376983,24.17372483,35,17.49665381,30.52408201,0,0,10,347
27.78125578,27.69895466,24.1799797,35,17.51164825,30.52416772,0,0,10,348
27.78638331,27.7041286,24.18622471,35,17.52661533,30.52425345,0,0,10,349
27.79149974,27.70929168,24.19245991,35,17.54155515,30.5243392,0,0,10,350
27.79660507,27.71444391,24.19868531,35,17.55646781,30.52442497,0,0,10,351
27.80169935,27.71958533,24.20490094,35,17.57135341,30.52451077,0,0,10,352
27.8067826,27.72471596,24.21110683,35,17.58621205,30.52459659,0,0,10,353
27.81185485,27.72983583,24.21730299,35,17.60104381,30.52468243,0,0,10,354
27.81691613,27.73494497,24.22348946,35,17.61584881,30.52476829,0,0,10,355
27.82196647,27.7400434,24.22966626,35,17.63062713,30.52485417,0,0,10,356
27.8270059,27.74513115,24.23583341,35,17.64537887,30.52494007,0,0,10,357
27.83203444,27.75020825,24.24199094,35,17.66010413,30.525026,0,0,10,358
27.83705213,27.75527472,24.24813887,35,17.67480299,30.52511195,0,0,10,359
27.84205899,27.76033059,24.25427724,35,17.68947556,30.52519792,0,0,10,360
27.84705506,27.76537589,24.26040605,35,17.70412192,30.52528391,0,0,10,361
27.85204036,27.77041064,24.26652534,35,17.71874216,30.52536992,0,0,10,362
27.85701491,27.77543486,24.27263513,35,17.73333638,30.52545595,0,0,10,363
27.86197876,27.78044859,24.27873545,35,17.74790466,30.525542,0,0,10,364
27.86693192,27.78545185,24.28482631,35,17.76244711,30.52562808,0,0,10,365
27.87187442,27.79044467,24.29090775,35,17.77696379,30.52571418,0,0,10,366
27.8768063,27.79542707,24.29697978,35,17.79145481,30.52580029,0,0,10,367
27.88172757,27.80039908,24.30304243,35,17.80592025,30.52588643,0,0,10,368
27.88663828,27.80536072,24.30909573,35,17.8203602,30.52597259,0,0,10,369
27.89153844,27.81031202,24.3151397,35,17.83477474,30.52605878,0,0,10,370
27.89642808,27.81525301,24.32117435,35,17.84916397,30.52614498,0,0,10,371
27.90130723,27.82018371,24.32719972,35,17.86352796,30.5262312,0,0,10,372
27.90617592,27.82510414,24.33321583,35,17.8778668,30.52631745,0,0,10,373
27.91103418,27.83001434,24.33922269,35,17.89218057,30.52640371,0,0,10,374
27.91588204,27.83491433,24.34522034,35,17.90646936,30.52649,0,0,10,375
27.92071951,27.83980413,24.3512088,35,17.92073326,30.5265763,0,0,10,376
27.92554663,27.84468376,24.35718809,35,17.93497234,30.52666263,0,0,10,377
27.93036343,27.84955327,24.36315823,35,17.94918668,30.52674898,0,0,10,378
27.93516993,27.85441266,24.36911924,35,17.96337637,30.52683535,0,0,10,379
27.93996616,27.85926196,24.37507116,35,17.97754149,30.52692174,0,0,10,380
27.94475215,27.86410121,24.38101399,35,17.99168212,30.52700815,0,0,10,381
27.94952792,27.86893042,24.38694777,35,18.00579834,30.52709458,0,0,10,382
27.95429351,27.87374962,24.39287251,35,18.01989022,30.52718103,0,0,10,383
27.95904893,27.87855883,24.39878824,35,18.03395785,30.5272675,0,0,10,384
27.96379421,27.88335809,24.40469498,35,18.04800131,30.527354,0,0,10,385
27.96852939,27.88814741,24.41059275,35,18.06202067,30.52744051,0,0,10,386
27.97325448,27.89292681,24.41648158,35,18.076016,30.52752704,0,0,10,387
27.97796952,27.89769634,24.42236149,35,18.08998739,30.5276136,0,0,10,388
27.98267453,27.902456,24.42823249,35,18.10393492,30.52770017,0,0,10,389
27.98736953,27.90720582,24.43409461,35,18.11785865,30.52778677,0,0,10,390
27.99205456,27.91194583,24.43994788,35,18.13175866,30.52787338,0,0,10,391
27.99672964,27.91667605,24.44579231,35,18.14563504,30.52796001,0,0,10,392
28.00139479,27.92139651,24.45162792,35,18.15948784,30.52804667,0,0,10,393
28.00605005,27.92610723,24.45745474,35,18.17331715,30.52813334,0,0,10,394
28.01069543,27.93080824,24.4632728,35,18.18712304,30.52822004,0,0,10,395
28.01533096,27.93549955,24.4690821,35,18.20090559,30.52830676,0,0,10,396
28.01995668,27.9401812,24.47488267,35,18.21466485,30.52839349,0,0,10,397
28.0245726,27.94485321,24.48067454,35,18.22840092,30.52848025,0,0,10,398
28.02917875,27.9495156,24.48645772,35,18.24211385,30.52856702,0,0,10,399
28.03377516,27.9541684,24.49223223,35,18.25580372,30.52865382,0,0,10,400
28.03836185,27.95881162,24.4979981,35,18.2694706,30.52874063,0,0,10,401
28.04293885,27.9634453,24.50375535,35,18.28311456,30.52882747,0,0,10,402
28.04750618,27.96806946,24.509504,35,18.29673568,30.52891432,0,0,10,403
28.05206387,27.97268411,24.51524406,35,18.31033401,30.5290012,0,0,10,404
28.05661194,27.9772893,24.52097557,35,18.32390963,30.52908809,0,0,10,405
28.06115042,27.98188503,24.52669853,35,18.33746261,30.529175,0,0,10,406
28.06567934,27.98647133,24.53241298,35,18.35099301,30.52926194,0,0,10,407
28.07019872,27.99104823,24.53811893,35,18.3645009,30.52934889,0,0,10,408
28.07470858,27.99561575,24.5438164,35,18.37798636,30.52943586,0,0,10,409
28.07920895,28.00017392,24.54950541,35,18.39144944,30.52952285,0,0,10,410
28.08369985,28.00472275,24.55518598,35,18.40489022,30.52960987,0,0,10,411
28.08818132,28.00926226,24.56085814,35,18.41830876,30.5296969,0,0,10,412
28.09265336,28.0137925,24.56652191,35,18.43170512,30.52978395,0,0,10,413
28.09711602,28.01831346,24.57217729,35,18.44507938,30.52987102,0,0,10,414
28.10156931,28.02282519,24.57782432,35,18.45843159,30.52995811,0,0,10,415
28.10601326,28.0273277,24.58346301,35,18.47176183,30.53004522,0,0,10,416
28.11044789,28.03182102,24.58909339,35,18.48507015,30.53013234,0,0,10,417
28.11487322,28.03630516,24.59471547,35,18.49835661,30.53021949,0,0,10,418
28.11928929,28.04078015,24.60032927,35,18.5116213,30.53030666,0,0,10,419
28.12369612,28.04524602,24.60593481,35,18.52486425,30.53039384,0,0,10,420
28.12809372,28.04970279,24.61153212,35,18.53808555,30.53048105,0,0,10,421
28.13248213,28.05415048,24.61712121,35,18.55128525,30.53056827,0,0,10,422
28.13686136,28.0585891,24.6227021,35,18.56446341,30.53065552,0,0,10,423
28.14123145,28.0630187,24.62827481,35,18.5776201,30.53074278,0,0,10,424
28.14559241,28.06743928,24.63383936,35,18.59075538,30.53083006,0,0,10,425
28.14994427,28.07185087,24.63939578,35,18.6038693,30.53091736,0,0,10,426
28.15428706,28.07625349,24.64494407,35,18.61696193,30.53100468,0,0,10,427
28.15862079,28.08064717,24.65048426,35,18.63003333,30.53109201,0,0,10,428
28.1629455,28.08503193,24.65601637,35,18.64308356,30.53117937,0,0,10,429
28.1672612,28.08940779,24.66154041,35,18.65611269,30.53126675,0,0,10,430
28.17156792,28.09377477,24.66705641,35,18.66912076,30.53135414,0,0,10,431
28.17586568,28.09813289,24.67256438,35,18.68210783,30.53144155,0,0,10,432
28.18015451,28.10248218,24.67806435,35,18.69507398,30.53152899,0,0,10,433
28.18443442,28.10682266,24.68355633,35,18.70801925,30.53161644,0,0,10,434
28.18870545,28.11115435,24.68904034,35,18.7209437,30.53170391,0,0,10,435
28.19296761,28.11547727,24.6945164,35,18.7338474,30.53179139,0,0,10,436
28.19722094,28.11979144,24.69998453,35,18.74673039,30.5318789,0,0,10,437
28.20146544,28.1240969,24.70544475,35,18.75959274,30.53196643,0,0,10,438
28.20570115,28.12839365,24.71089707,35,18.77243451,30.53205397,0,0,10,439
28.20992809,28.13268172,24.71634152,35,18.78525574,30.53214153,0,0,10,440
28.21414628,28.13696113,24.7217781,35,18.7980565,30.53222911,0,0,10,441
28.21835574,28.1412319,24.72720685,35,18.81083685,30.53231671,0,0,10,442
28.2225565,28.14549406,24.73262778,35,18.82359683,30.53240433,0,0,10,443
28.22674858,28.14974763,24.73804091,35,18.8363365,30.53249196,0,0,10,444
28.230932,28.15399263,24.74344625,35,18.84905593,30.53257962,0,0,10,445
28.23510678,28.15822907,24.74884382,35,18.86175516,30.53266729,0,0,10,446
28.23927296,28.16245699,24.75423365,35,18.87443424,30.53275498,0,0,10,447
28.24343054,28.16667639,24.75961575,35,18.88709324,30.53284269,0,0,10,448
28.24757956,28.17088731,24.76499013,35,18.89973221,30.53293042,0,0,10,449
28.25172003,28.17508977,24.77035682,35,18.9123512,30.53301816,0,0,10,450
28.25585198,28.17928378,24.77571583,35,18.92495026,30.53310592,0,0,10,451
28.25997542,28.18346937,24.78106719,35,18.93752945,30.53319371,0,0,10,452
28.26409039,28.18764655,24.7864109,35,18.95008883,30.5332815,0,0,10,453
28.26819691,28.19181536,24.79174699,35,18.96262843,30.53336932,0,0,10,454
28.27229499,28.1959758,24.79707548,35,18.97514832,30.53345716,0,0,10,455
28.27638466,28.20012791,24.80239637,35,18.98764855,30.53354501,0,0,10,456
28.28046593,28.20427169,24.8077097,35,19.00012917,30.53363288,0,0,10,457
28.28453884,28.20840718,24.81301547,35,19.01259024,30.53372077,0,0,10,458
28.28860341,28.2125344,24.8183137,35,19.02503179,30.53380868,0,0,10,459
28.29265965,28.21665335,24.82360442,35,19.03745389,30.5338966,0,0,10,460
28.29670759,28.22076407,24.82888764,35,19.04985659,30.53398455,0,0,10,461
28.30074724,28.22486658,24.83416337,35,19.06223994,30.53407251,0,0,10,462
28.30477864,28.22896089,24.83943163,35,19.07460398,30.53416049,0,0,10,463
28.3088018,28.23304703,24.84469245,35,19.08694876,30.53424848,0,0,10,464
28.31281675,28.23712501,24.84994583,35,19.09927435,30.53433649,0,0,10,465
28.3168235,28.24119487,24.8551918,35,19.11158078,30.53442453,0,0,10,466
28.32082207,28.2452566,24.86043036,35,19.12386811,30.53451258,0,0,10,467
28.3248125,28.24931025,24.86566155,35,19.13613638,30.53460064,0,0,10,468
28.32879479,28.25335583,24.87088537,35,19.14838565,30.53468873,0,0,10,469
28.33276898,28.25739335,24.87610184,35,19.16061596,30.53477683,0,0,10,470
28.33673507,28.26142284,24.88131099,35,19.17282737,30.53486495,0,0,10,471
28.3406931,28.26544432,24.88651281,35,19.18501991,30.53495308,0,0,10,472
28.34464309,28.2694578,24.89170734,35,19.19719365,30.53504124,0,0,10,473
28.34858505,28.27346332,24.89689459,35,19.20934862,30.53512941,0,0,10,474
28.352519,28.27746088,24.90207457,35,19.22148487,30.5352176,0,0,10,475
28.35644498,28.28145051,24.9072473,35,19.23360246,30.5353058,0,0,10,476
28.36036299,28.28543223,24.91241281,35,19.24570142,30.53539403,0,0,10,477
28.36427305,28.28940606,24.91757109,35,19.25778181,30.53548227,0,0,10,478
28.3681752,28.29337201,24.92272218,35,19.26984367,30.53557053,0,0,10,479
28.37206945,28.29733011,24.92786608,35,19.28188706,30.5356588,0,0,10,480
28.37595582,28.30128038,24.93300282,35,19.293912,30.53574709,0,0,10,481
28.37983433,28.30522283,24.93813241,35,19.30591856,30.5358354,0,0,10,482
28.383705,28.30915749,24.94325486,35,19.31790678,30.53592373,0,0,10,483
28.38756786,28.31308437,24.94837019,35,19.3298767,30.53601207,0,0,10,484
28.39142291,28.3170035,24.95347842,35,19.34182837,30.53610043,0,0,10,485
28.39527019,28.32091489,24.95857957,35,19.35376184,30.53618881,0,0,10,486
28.39910971,28.32481857,24.96367364,35,19.36567714,30.53627721,0,0,10,487
28.4029415,28.32871455,24.96876066,35,19.37757433,30.53636562,0,0,10,488
28.40676557,28.33260285,24.97384065,35,19.38945345,30.53645405,0,0,10,489
28.41058194,28.33648349,24.97891361,35,19.40131454,30.53654249,0,0,10,490
28.41439064,28.34035649,24.98397956,35,19.41315765,30.53663096,0,0,10,491
28.41819168,28.34422186,24.98903852,35,19.42498282,30.53671944,0,0,10,492
28.42198509,28.34807964,24.99409051,35,19.4367901,30.53680793,0,0,10,493
28.42577087,28.35192984,24.99913553,35,19.44857952,30.53689645,0,0,10,494
28.42954906,28.35577247,25.00417361,35,19.46035114,30.53698498,0,0,10,495
28.43331968,28.35960755,25.00920477,35,19.472105,30.53707352,0,0,10,496
28.43708274,28.36343511,25.01422901,35,19.48384114,30.53716209,0,0,10,497
28.44083826,28.36725516,25.01924635,35,19.4955596,30.53725067,0,0,10,498
28.44458626,28.37106772,25.02425681,35,19.50726042,30.53733926,0,0,10,499
28.44832676,28.37487281,25.0292604,35,19.51894366,30.53742788,0,0,10,500
28.45205979,28.37867045,25.03425714,35,19.53060934,30.53751651,0,0,10,501
